{"v":"4.11.0","fr":29.9700012207031,"ip":0,"op":57.0000023216576,"w":1024,"h":1024,"nm":"Coupon-icon","ddd":0,"assets":[],"layers":[{"ddd":0,"ind":1,"ty":4,"nm":"Coupon Outlines","sr":1,"ks":{"o":{"a":0,"k":100,"ix":11},"r":{"a":0,"k":0,"ix":10},"p":{"a":1,"k":[{"i":{"x":0.667,"y":1},"o":{"x":0.333,"y":0},"n":"0p667_1_0p333_0","t":0,"s":[537.869,489.992,0],"e":[537.869,470.992,0],"to":[0,-3.16666674613953,0],"ti":[0,0,0]},{"i":{"x":0.667,"y":1},"o":{"x":0.333,"y":0},"n":"0p667_1_0p333_0","t":25,"s":[537.869,470.992,0],"e":[537.869,489.992,0],"to":[0,0,0],"ti":[0,-3.16666674613953,0]},{"t":50.0000020365418}],"ix":2},"a":{"a":0,"k":[145.535,179.413,0],"ix":1},"s":{"a":0,"k":[100,100,100],"ix":6}},"ao":0,"shapes":[{"ty":"gr","it":[{"ind":0,"ty":"sh","ix":1,"ks":{"a":0,"k":{"i":[[0,-0.813],[1.261,-2.725],[4.944,-0.789],[4.189,2.284],[0.942,3.909],[-1.74,4.389],[-4.584,1.116],[-4.061,-1.317],[-0.696,-6.379]],"o":[[0.149,3.009],[-2.204,4.764],[-4.625,0.738],[-3.56,-1.942],[-1.107,-4.588],[1.752,-4.416],[4.16,-1.014],[6.427,2.086],[0.087,0.804]],"v":[[16.873,-0.011],[15.194,8.613],[3.999,16.42],[-9.376,14.508],[-15.915,5.504],[-15.137,-8.011],[-5.42,-16.144],[6.962,-15.831],[16.861,-2.449]],"c":true},"ix":2},"nm":"Path 1","mn":"ADBE Vector Shape - Group","hd":false},{"ty":"fl","c":{"a":0,"k":[1,1,1,1],"ix":4},"o":{"a":0,"k":100,"ix":5},"r":1,"nm":"Fill 1","mn":"ADBE Vector Graphic - Fill","hd":false},{"ty":"tr","p":{"a":0,"k":[195.575,195.854],"ix":2},"a":{"a":0,"k":[0,0],"ix":1},"s":{"a":0,"k":[100,100],"ix":3},"r":{"a":0,"k":0,"ix":6},"o":{"a":0,"k":100,"ix":7},"sk":{"a":0,"k":0,"ix":4},"sa":{"a":0,"k":0,"ix":5},"nm":"Transform"}],"nm":"Group 1","np":2,"cix":2,"ix":1,"mn":"ADBE Vector Group","hd":false},{"ty":"gr","it":[{"ind":0,"ty":"sh","ix":1,"ks":{"a":0,"k":{"i":[[0,0.813],[-1.78,3.025],[-4.422,0.699],[-3.914,-1.772],[-0.983,-4.56],[1.581,-4.206],[4.78,-1.168],[3.992,1.281],[0.672,6.401]],"o":[[-0.142,-3.49],[2.353,-4],[4.203,-0.664],[4.24,1.92],[0.941,4.362],[-1.757,4.677],[-4.114,1.005],[-6.422,-2.059],[-0.085,-0.804]],"v":[[-16.816,-0.008],[-14.532,-9.865],[-3.996,-16.469],[8.303,-15.125],[16.017,-5.245],[15.305,7.602],[5.325,16.128],[-6.888,15.786],[-16.804,2.431]],"c":true},"ix":2},"nm":"Path 1","mn":"ADBE Vector Shape - Group","hd":false},{"ty":"fl","c":{"a":0,"k":[1,1,1,1],"ix":4},"o":{"a":0,"k":100,"ix":5},"r":1,"nm":"Fill 1","mn":"ADBE Vector Graphic - Fill","hd":false},{"ty":"tr","p":{"a":0,"k":[95.397,95.286],"ix":2},"a":{"a":0,"k":[0,0],"ix":1},"s":{"a":0,"k":[100,100],"ix":3},"r":{"a":0,"k":0,"ix":6},"o":{"a":0,"k":100,"ix":7},"sk":{"a":0,"k":0,"ix":4},"sa":{"a":0,"k":0,"ix":5},"nm":"Transform"}],"nm":"Group 2","np":2,"cix":2,"ix":2,"mn":"ADBE Vector Group","hd":false},{"ty":"gr","it":[{"ind":0,"ty":"sh","ix":1,"ks":{"a":0,"k":{"i":[[0.13,-3.617],[9.282,-7.749],[9.233,0.108],[7.024,6.123],[1.943,8.843],[-5.333,8.223],[-9.749,3.064],[-9.134,-5.803],[-3.24,-9.708]],"o":[[-0.459,12.299],[-6.967,5.814],[-9.484,-0.111],[-6.776,-5.909],[-2.136,-9.72],[5.559,-8.571],[10.463,-3.29],[8.613,5.472],[1.122,3.36]],"v":[[39.727,0.948],[24.466,30.776],[0.26,39.905],[-24.318,29.885],[-37.721,7.839],[-32.245,-19.022],[-9.332,-36.724],[20.111,-32.253],[38.036,-9.514]],"c":true},"ix":2},"nm":"Path 1","mn":"ADBE Vector Shape - Group","hd":false},{"ty":"fl","c":{"a":0,"k":[0.913725490196,0.392156862745,0.56862745098,1],"ix":4},"o":{"a":0,"k":100,"ix":5},"r":1,"nm":"Fill 1","mn":"ADBE Vector Graphic - Fill","hd":false},{"ty":"tr","p":{"a":0,"k":[195.151,194.959],"ix":2},"a":{"a":0,"k":[0,0],"ix":1},"s":{"a":0,"k":[100,100],"ix":3},"r":{"a":0,"k":0,"ix":6},"o":{"a":0,"k":100,"ix":7},"sk":{"a":0,"k":0,"ix":4},"sa":{"a":0,"k":0,"ix":5},"nm":"Transform"}],"nm":"Group 3","np":2,"cix":2,"ix":3,"mn":"ADBE Vector Group","hd":false},{"ty":"gr","it":[{"ind":0,"ty":"sh","ix":1,"ks":{"a":0,"k":{"i":[[11.982,0.053],[7.782,9.362],[0.343,8.405],[-7.935,7.874],[-11.163,-0.402],[-6.943,-6.676],[0.21,-11.432],[7.077,-7.271]],"o":[[-10.036,-0.445],[-5.326,-6.406],[-0.467,-11.436],[7.749,-7.69],[9.78,0.352],[8.053,7.742],[-0.189,10.319],[-7.642,7.853]],"v":[[-2.29,39.229],[-29.913,23.887],[-38.908,1.736],[-26.77,-27.025],[1.412,-38.881],[26.374,-27.658],[39.165,0.838],[27.397,26.979]],"c":true},"ix":2},"nm":"Path 1","mn":"ADBE Vector Shape - Group","hd":false},{"ty":"fl","c":{"a":0,"k":[0.913725490196,0.392156862745,0.56862745098,1],"ix":4},"o":{"a":0,"k":100,"ix":5},"r":1,"nm":"Fill 1","mn":"ADBE Vector Graphic - Fill","hd":false},{"ty":"tr","p":{"a":0,"k":[95.132,95.137],"ix":2},"a":{"a":0,"k":[0,0],"ix":1},"s":{"a":0,"k":[100,100],"ix":3},"r":{"a":0,"k":0,"ix":6},"o":{"a":0,"k":100,"ix":7},"sk":{"a":0,"k":0,"ix":4},"sa":{"a":0,"k":0,"ix":5},"nm":"Transform"}],"nm":"Group 4","np":2,"cix":2,"ix":4,"mn":"ADBE Vector Group","hd":false},{"ty":"gr","it":[{"ind":0,"ty":"sh","ix":1,"ks":{"a":0,"k":{"i":[[-1.606,0.602],[0.565,-7.146],[2.123,-2.122],[17.601,-17.603],[19.22,-19.43],[3.572,7.281],[-1.071,2.866],[-1.212,1.211],[-37.104,37.136]],"o":[[7.892,-3.049],[-0.24,3.042],[-17.611,17.593],[-19.325,19.327],[-5.937,6.002],[-1.35,-2.753],[0.604,-1.606],[37.136,-37.105],[1.212,-1.213]],"v":[[51.91,-66.267],[66.9,-55.106],[63.105,-47.506],[10.294,5.296],[-47.642,63.314],[-66.027,60.478],[-66.395,52.035],[-63.552,47.935],[47.807,-63.426]],"c":true},"ix":2},"nm":"Path 1","mn":"ADBE Vector Shape - Group","hd":false},{"ty":"fl","c":{"a":0,"k":[0.913725490196,0.392156862745,0.56862745098,1],"ix":4},"o":{"a":0,"k":100,"ix":5},"r":1,"nm":"Fill 1","mn":"ADBE Vector Graphic - Fill","hd":false},{"ty":"tr","p":{"a":0,"k":[145.605,145.517],"ix":2},"a":{"a":0,"k":[0,0],"ix":1},"s":{"a":0,"k":[100,100],"ix":3},"r":{"a":0,"k":0,"ix":6},"o":{"a":0,"k":100,"ix":7},"sk":{"a":0,"k":0,"ix":4},"sa":{"a":0,"k":0,"ix":5},"nm":"Transform"}],"nm":"Group 5","np":2,"cix":2,"ix":5,"mn":"ADBE Vector Group","hd":false},{"ty":"gr","it":[{"ind":0,"ty":"sh","ix":1,"ks":{"a":0,"k":{"i":[[-0.038,0.286],[-53.497,-0.001],[-28.319,-0.002],[-0.001,-0.46],[0.002,-19.595],[0.027,-0.506],[0.331,0.331],[4.025,4.112],[5.359,-5.352],[7.803,-7.894],[1.107,1.124],[7.821,7.878],[5.304,-5.298],[7.852,-7.93],[1.026,1.041],[7.82,7.879],[5.28,-5.271],[7.806,-7.891],[1.186,1.209],[7.817,7.882],[5.112,-5.079],[4.046,-4.093],[0.416,-0.464],[0.001,0.429],[-0.004,19.885]],"o":[[53.497,0],[28.318,0],[0.04,0.46],[0.008,19.594],[0,0.506],[-0.762,0.196],[-4.064,-4.073],[-5.276,-5.39],[-7.854,7.845],[-1.063,1.074],[-7.79,-7.908],[-5.259,-5.297],[-7.895,7.885],[-1.027,1.037],[-7.791,-7.909],[-5.269,-5.308],[-7.856,7.843],[-1.096,1.108],[-7.775,-7.924],[-5.101,-5.145],[-4.083,4.056],[-0.438,0.444],[-0.867,-0.693],[-0.011,-19.885],[0,-0.286]],"v":[[-122.643,-36.694],[37.848,-36.695],[122.802,-36.689],[122.919,-35.31],[122.926,23.472],[122.846,24.991],[121.526,24.265],[109.367,12.012],[92.041,11.915],[68.512,35.482],[65.744,35.54],[42.268,11.92],[25.065,11.887],[1.413,35.577],[-1.237,35.577],[-24.703,11.945],[-41.91,11.857],[-65.441,35.42],[-68.338,35.487],[-91.798,11.85],[-108.756,11.698],[-120.954,23.92],[-122.061,25.453],[-122.744,23.818],[-122.751,-35.837]],"c":true},"ix":2},"nm":"Path 1","mn":"ADBE Vector Shape - Group","hd":false},{"ty":"fl","c":{"a":0,"k":[0.898000021542,0.894000004787,0.905999995213,1],"ix":4},"o":{"a":0,"k":100,"ix":5},"r":1,"nm":"Fill 1","mn":"ADBE Vector Graphic - Fill","hd":false},{"ty":"tr","p":{"a":0,"k":[145.42,293.909],"ix":2},"a":{"a":0,"k":[0,0],"ix":1},"s":{"a":0,"k":[100,100],"ix":3},"r":{"a":0,"k":0,"ix":6},"o":{"a":0,"k":100,"ix":7},"sk":{"a":0,"k":0,"ix":4},"sa":{"a":0,"k":0,"ix":5},"nm":"Transform"}],"nm":"Group 6","np":2,"cix":2,"ix":6,"mn":"ADBE Vector Group","hd":false},{"ty":"gr","it":[{"ind":0,"ty":"sh","ix":1,"ks":{"a":0,"k":{"i":[[1.119,0.909],[0,2.846],[0.039,74.738],[-1.394,-0.001],[-80.729,0.039],[0.001,-1.286],[0,-44.843],[0.004,-31.756],[0.042,-0.985],[0.636,-0.036],[0.639,0],[79.352,0.017]],"o":[[-0.037,-2.846],[-0.007,-74.738],[-0.001,-1.513],[80.728,0.033],[1.487,-0.001],[-0.031,44.843],[0,31.756],[0,0.985],[-0.488,0.522],[-0.638,0.035],[-79.352,0],[-1.242,0]],"v":[[-122.726,116.818],[-122.831,108.281],[-122.872,-115.932],[-120.998,-117.723],[121.188,-117.726],[122.871,-115.928],[122.839,18.6],[122.842,113.868],[122.72,116.823],[120.941,117.376],[119.023,117.395],[-119.033,117.38]],"c":true},"ix":2},"nm":"Path 1","mn":"ADBE Vector Shape - Group","hd":false},{"ty":"fl","c":{"a":0,"k":[1,1,1,1],"ix":4},"o":{"a":0,"k":100,"ix":5},"r":1,"nm":"Fill 1","mn":"ADBE Vector Graphic - Fill","hd":false},{"ty":"tr","p":{"a":0,"k":[145.502,140.397],"ix":2},"a":{"a":0,"k":[0,0],"ix":1},"s":{"a":0,"k":[100,100],"ix":3},"r":{"a":0,"k":0,"ix":6},"o":{"a":0,"k":100,"ix":7},"sk":{"a":0,"k":0,"ix":4},"sa":{"a":0,"k":0,"ix":5},"nm":"Transform"}],"nm":"Group 7","np":2,"cix":2,"ix":7,"mn":"ADBE Vector Group","hd":false},{"ty":"gr","it":[{"ind":0,"ty":"sh","ix":1,"ks":{"a":0,"k":{"i":[[-0.002,-53.622],[-0.068,-53.68],[5.952,-1.71],[2.903,2.885],[6.732,6.728],[1.362,1.504],[0.952,-0.961],[7.952,-7.967],[3.501,0.071],[2.242,2.241],[7.865,7.976],[1.11,-1.124],[7.924,-7.913],[3.433,0.051],[2.243,2.239],[7.872,7.968],[1.17,-1.186],[7.931,-7.919],[3.291,-0.055],[2.341,2.338],[7.859,7.979],[1.158,-1.174],[7.88,-7.884],[3.431,-0.031],[0.001,5.78],[0,10.642],[0.001,64.033],[0.106,33.15],[-8.277,3.268],[-2.834,-0.001],[-81.247,0.177],[0.043,-11.809]],"o":[[0.001,53.681],[0.007,5.605],[-3.81,1.095],[-6.751,-6.709],[-1.437,-1.437],[-0.939,-1.04],[-7.924,7.996],[-2.383,2.388],[-3.295,-0.067],[-7.924,-7.916],[-1.179,-1.197],[-7.87,7.968],[-2.338,2.335],[-3.296,-0.047],[-7.928,-7.911],[-1.118,-1.132],[-7.869,7.98],[-2.242,2.24],[-3.428,0.059],[-7.924,-7.916],[-1.221,-1.241],[-7.832,7.931],[-2.337,2.338],[-5.828,0.052],[-0.001,-10.642],[-0.001,-64.033],[0,-33.15],[-0.03,-9.459],[2.617,-1.033],[81.248,0.035],[11.957,-0.026],[-0.193,53.622]],"v":[[145.158,5.043],[145.2,166.085],[136.601,178.067],[126.217,175.135],[106.013,154.959],[101.729,150.626],[99.203,150.65],[75.355,174.56],[66.734,178.337],[58.625,174.588],[34.888,150.804],[32.01,150.855],[8.278,174.635],[-0.2,178.338],[-8.329,174.638],[-32.07,150.859],[-34.957,150.823],[-58.706,174.625],[-66.832,178.336],[-75.317,174.658],[-99.048,150.869],[-102.056,150.907],[-125.676,174.579],[-134.13,178.344],[-145.2,167.425],[-145.21,135.497],[-145.209,-56.601],[-145.255,-156.051],[-130.012,-177.639],[-121.872,-179.072],[121.871,-179.137],[145.241,-155.822]],"c":true},"ix":2},"nm":"Path 1","mn":"ADBE Vector Shape - Group","hd":false},{"ty":"fl","c":{"a":0,"k":[0.423999980852,0.426999978458,0.426999978458,1],"ix":4},"o":{"a":0,"k":100,"ix":5},"r":1,"nm":"Fill 1","mn":"ADBE Vector Graphic - Fill","hd":false},{"ty":"tr","p":{"a":0,"k":[145.534,179.413],"ix":2},"a":{"a":0,"k":[0,0],"ix":1},"s":{"a":0,"k":[100,100],"ix":3},"r":{"a":0,"k":0,"ix":6},"o":{"a":0,"k":100,"ix":7},"sk":{"a":0,"k":0,"ix":4},"sa":{"a":0,"k":0,"ix":5},"nm":"Transform"}],"nm":"Group 8","np":2,"cix":2,"ix":8,"mn":"ADBE Vector Group","hd":false}],"ip":0,"op":211.000008594206,"st":0,"bm":0},{"ddd":0,"ind":2,"ty":4,"nm":"Coupon stars","sr":1,"ks":{"o":{"a":0,"k":100,"ix":11},"r":{"a":0,"k":0,"ix":10},"p":{"a":0,"k":[511.504,335.85,0],"ix":2},"a":{"a":0,"k":[243.032,55.168,0],"ix":1},"s":{"a":0,"k":[100,100,100],"ix":6}},"ao":0,"shapes":[{"ty":"gr","it":[{"ind":0,"ty":"sh","ix":1,"ks":{"a":0,"k":{"i":[[0,-4.34],[4.34,0],[0,4.34],[-4.341,0]],"o":[[0,4.34],[-4.341,0],[0,-4.34],[4.34,0]],"v":[[7.86,0],[0.001,7.859],[-7.86,0],[0.001,-7.859]],"c":true},"ix":2},"nm":"Path 1","mn":"ADBE Vector Shape - Group","hd":false},{"ty":"fl","c":{"a":0,"k":[0.898000021542,0.894000004787,0.905999995213,1],"ix":4},"o":{"a":0,"k":100,"ix":5},"r":1,"nm":"Fill 1","mn":"ADBE Vector Graphic - Fill","hd":false},{"ty":"tr","p":{"a":0,"k":[477.954,88.794],"ix":2},"a":{"a":0,"k":[0,0],"ix":1},"s":{"a":0,"k":[100,100],"ix":3},"r":{"a":0,"k":0,"ix":6},"o":{"a":0,"k":100,"ix":7},"sk":{"a":0,"k":0,"ix":4},"sa":{"a":0,"k":0,"ix":5},"nm":"Transform"}],"nm":"Group 1","np":2,"cix":2,"ix":1,"mn":"ADBE Vector Group","hd":false},{"ty":"gr","it":[{"ind":0,"ty":"sh","ix":1,"ks":{"a":0,"k":{"i":[[0,-6.139],[6.138,0],[0,6.138],[-6.138,0]],"o":[[0,6.138],[-6.138,0],[0,-6.139],[6.138,0]],"v":[[11.115,0],[0,11.115],[-11.115,0],[0,-11.115]],"c":true},"ix":2},"nm":"Path 1","mn":"ADBE Vector Shape - Group","hd":false},{"ty":"fl","c":{"a":0,"k":[0.898000021542,0.894000004787,0.905999995213,1],"ix":4},"o":{"a":0,"k":100,"ix":5},"r":1,"nm":"Fill 1","mn":"ADBE Vector Graphic - Fill","hd":false},{"ty":"tr","p":{"a":0,"k":[225.419,11.364],"ix":2},"a":{"a":0,"k":[0,0],"ix":1},"s":{"a":0,"k":[100,100],"ix":3},"r":{"a":0,"k":0,"ix":6},"o":{"a":0,"k":100,"ix":7},"sk":{"a":0,"k":0,"ix":4},"sa":{"a":0,"k":0,"ix":5},"nm":"Transform"}],"nm":"Group 2","np":2,"cix":2,"ix":2,"mn":"ADBE Vector Group","hd":false},{"ty":"gr","it":[{"ind":0,"ty":"sh","ix":1,"ks":{"a":0,"k":{"i":[[2.938,1.508],[0,0],[0,0],[1.429,0],[0.715,-1.349],[0,0],[0,0],[-2.938,-1.509],[0,0],[0,0],[-1.429,0],[-0.714,1.429],[0,0],[0,0]],"o":[[0,0],[0,0],[-0.715,-1.349],[-1.429,0],[0,0],[0,0],[-2.938,1.508],[0,0],[0,0],[0.715,1.429],[1.429,0],[0,0],[0,0],[2.938,-1.509]],"v":[[17.623,-3.652],[8.256,-8.335],[3.572,-17.702],[-0.001,-19.767],[-3.572,-17.702],[-8.256,-8.335],[-17.623,-3.652],[-17.623,3.493],[-8.256,8.176],[-3.572,17.543],[-0.001,19.767],[3.572,17.543],[8.256,8.176],[17.623,3.493]],"c":true},"ix":2},"nm":"Path 1","mn":"ADBE Vector Shape - Group","hd":false},{"ty":"fl","c":{"a":0,"k":[0.898000021542,0.894000004787,0.905999995213,1],"ix":4},"o":{"a":0,"k":100,"ix":5},"r":1,"nm":"Fill 1","mn":"ADBE Vector Graphic - Fill","hd":false},{"ty":"tr","p":{"a":0,"k":[458.129,33.828],"ix":2},"a":{"a":0,"k":[0,0],"ix":1},"s":{"a":0,"k":[100,100],"ix":3},"r":{"a":0,"k":0,"ix":6},"o":{"a":0,"k":100,"ix":7},"sk":{"a":0,"k":0,"ix":4},"sa":{"a":0,"k":0,"ix":5},"nm":"Transform"}],"nm":"Group 3","np":2,"cix":2,"ix":3,"mn":"ADBE Vector Group","hd":false},{"ty":"gr","it":[{"ind":0,"ty":"sh","ix":1,"ks":{"a":0,"k":{"i":[[4.622,2.373],[0,0],[0,0],[2.248,0],[1.124,-2.123],[0,0],[0,0],[-4.622,-2.373],[0,0],[0,0],[-2.247,0],[-1.124,2.248],[0,0],[0,0]],"o":[[0,0],[0,0],[-1.124,-2.123],[-2.247,0],[0,0],[0,0],[-4.622,2.373],[0,0],[0,0],[1.124,2.248],[2.248,0],[0,0],[0,0],[4.622,-2.373]],"v":[[27.726,-5.745],[12.988,-13.113],[5.621,-27.85],[0,-31.098],[-5.619,-27.85],[-12.987,-13.113],[-27.725,-5.745],[-27.725,5.496],[-12.987,12.864],[-5.619,27.601],[0,31.098],[5.621,27.601],[12.988,12.864],[27.726,5.496]],"c":true},"ix":2},"nm":"Path 1","mn":"ADBE Vector Shape - Group","hd":false},{"ty":"fl","c":{"a":0,"k":[0.898000021542,0.894000004787,0.905999995213,1],"ix":4},"o":{"a":0,"k":100,"ix":5},"r":1,"nm":"Fill 1","mn":"ADBE Vector Graphic - Fill","hd":false},{"ty":"tr","p":{"a":0,"k":[32.597,78.987],"ix":2},"a":{"a":0,"k":[0,0],"ix":1},"s":{"a":0,"k":[100,100],"ix":3},"r":{"a":0,"k":0,"ix":6},"o":{"a":0,"k":100,"ix":7},"sk":{"a":0,"k":0,"ix":4},"sa":{"a":0,"k":0,"ix":5},"nm":"Transform"}],"nm":"Group 4","np":2,"cix":2,"ix":4,"mn":"ADBE Vector Group","hd":false}],"ip":0,"op":211.000008594206,"st":0,"bm":0},{"ddd":0,"ind":3,"ty":4,"nm":"Coupon shadow","sr":1,"ks":{"o":{"a":0,"k":100,"ix":11},"r":{"a":0,"k":0,"ix":10},"p":{"a":0,"k":[537.862,725.795,0],"ix":2},"a":{"a":0,"k":[149.391,17.838,0],"ix":1},"s":{"a":1,"k":[{"i":{"x":[0.667,0.667,0.667],"y":[1,1,1]},"o":{"x":[0.333,0.333,0.333],"y":[0,0,0]},"n":["0p667_1_0p333_0","0p667_1_0p333_0","0p667_1_0p333_0"],"t":0,"s":[100,100,100],"e":[94,94,100]},{"i":{"x":[0.667,0.667,0.667],"y":[1,1,1]},"o":{"x":[0.333,0.333,0.333],"y":[0,0,0]},"n":["0p667_1_0p333_0","0p667_1_0p333_0","0p667_1_0p333_0"],"t":25,"s":[94,94,100],"e":[100,100,100]},{"t":50.0000020365418}],"ix":6}},"ao":0,"shapes":[{"ty":"gr","it":[{"ind":0,"ty":"sh","ix":1,"ks":{"a":0,"k":{"i":[[0,-9.714],[82.369,0],[0,9.714],[-82.367,0]],"o":[[0,9.714],[-82.367,0],[0,-9.714],[82.369,0]],"v":[[149.141,0],[-0.001,17.588],[-149.141,0],[-0.001,-17.588]],"c":true},"ix":2},"nm":"Path 1","mn":"ADBE Vector Shape - Group","hd":false},{"ty":"fl","c":{"a":0,"k":[0.898000021542,0.894000004787,0.905999995213,1],"ix":4},"o":{"a":0,"k":100,"ix":5},"r":1,"nm":"Fill 1","mn":"ADBE Vector Graphic - Fill","hd":false},{"ty":"tr","p":{"a":0,"k":[149.391,17.838],"ix":2},"a":{"a":0,"k":[0,0],"ix":1},"s":{"a":0,"k":[100,100],"ix":3},"r":{"a":0,"k":0,"ix":6},"o":{"a":0,"k":100,"ix":7},"sk":{"a":0,"k":0,"ix":4},"sa":{"a":0,"k":0,"ix":5},"nm":"Transform"}],"nm":"Group 1","np":2,"cix":2,"ix":1,"mn":"ADBE Vector Group","hd":false}],"ip":0,"op":211.000008594206,"st":0,"bm":0}]}