{"v":"4.12.0","fr":29.9700012207031,"ip":1.00000004073083,"op":104.000004236007,"w":339,"h":273,"nm":"Comp 1","ddd":0,"assets":[],"layers":[{"ddd":0,"ind":1,"ty":3,"nm":"▽ Laptop","sr":1,"ks":{"o":{"a":0,"k":100,"ix":11},"r":{"a":0,"k":0,"ix":10},"p":{"a":0,"k":[134,132,0],"ix":2},"a":{"a":0,"k":[0,0,0],"ix":1},"s":{"a":0,"k":[100,100,100],"ix":6}},"ao":0,"ip":0,"op":183.000007453743,"st":0,"bm":0},{"ddd":0,"ind":2,"ty":4,"nm":"Laptop base","parent":1,"sr":1,"ks":{"o":{"a":0,"k":100,"ix":11},"r":{"a":1,"k":[{"i":{"x":[0.833],"y":[0.833]},"o":{"x":[0.167],"y":[0.167]},"n":["0p833_0p833_0p167_0p167"],"t":48,"s":[1],"e":[-6]},{"i":{"x":[0.833],"y":[0.833]},"o":{"x":[0.167],"y":[0.167]},"n":["0p833_0p833_0p167_0p167"],"t":52,"s":[-6],"e":[3]},{"i":{"x":[0.833],"y":[0.833]},"o":{"x":[0.167],"y":[0.167]},"n":["0p833_0p833_0p167_0p167"],"t":56,"s":[3],"e":[-5.333]},{"i":{"x":[0.833],"y":[0.833]},"o":{"x":[0.167],"y":[0.167]},"n":["0p833_0p833_0p167_0p167"],"t":60,"s":[-5.333],"e":[2.933]},{"i":{"x":[0.833],"y":[0.833]},"o":{"x":[0.167],"y":[0.167]},"n":["0p833_0p833_0p167_0p167"],"t":64,"s":[2.933],"e":[-4.55]},{"i":{"x":[0.833],"y":[0.833]},"o":{"x":[0.167],"y":[0.167]},"n":["0p833_0p833_0p167_0p167"],"t":68,"s":[-4.55],"e":[4.3]},{"i":{"x":[0.833],"y":[0.833]},"o":{"x":[0.167],"y":[0.167]},"n":["0p833_0p833_0p167_0p167"],"t":72,"s":[4.3],"e":[-3.35]},{"i":{"x":[0.833],"y":[0.833]},"o":{"x":[0.167],"y":[0.167]},"n":["0p833_0p833_0p167_0p167"],"t":76,"s":[-3.35],"e":[1]},{"t":80.0000032584668}],"ix":10},"p":{"a":1,"k":[{"i":{"x":0.833,"y":0.833},"o":{"x":0.167,"y":0.167},"n":"0p833_0p833_0p167_0p167","t":10,"s":[37,33.5,0],"e":[37,32.5,0],"to":[0,-0.16666667163372,0],"ti":[0,0.83333331346512,0]},{"i":{"x":0.833,"y":0.833},"o":{"x":0.167,"y":0.167},"n":"0p833_0p833_0p167_0p167","t":20,"s":[37,32.5,0],"e":[37,28.5,0],"to":[0,-0.83333331346512,0],"ti":[0,0.66666668653488,0]},{"i":{"x":0.833,"y":0.833},"o":{"x":0.167,"y":0.167},"n":"0p833_0p833_0p167_0p167","t":24,"s":[37,28.5,0],"e":[37,28.5,0],"to":[0,0,0],"ti":[0,0,0]},{"i":{"x":0.833,"y":0.833},"o":{"x":0.167,"y":0.167},"n":"0p833_0p833_0p167_0p167","t":37,"s":[37,28.5,0],"e":[37,33.5,0],"to":[0,0.83333331346512,0],"ti":[-0.5,-0.5,0]},{"i":{"x":0.833,"y":0.833},"o":{"x":0.167,"y":0.167},"n":"0p833_0p833_0p167_0p167","t":42,"s":[37,33.5,0],"e":[37,33.5,0],"to":[0.26727432012558,0.26727432012558,0],"ti":[-0.7795267701149,0.60709190368652,0]},{"i":{"x":0.833,"y":0.833},"o":{"x":0.167,"y":0.167},"n":"0p833_0p833_0p167_0p167","t":48,"s":[37,33.5,0],"e":[40,31.5,0],"to":[0.67876297235489,-0.52861756086349,0],"ti":[0.23272569477558,0,0]},{"i":{"x":0.833,"y":0.833},"o":{"x":0.167,"y":0.167},"n":"0p833_0p833_0p167_0p167","t":52,"s":[40,31.5,0],"e":[34,33.5,0],"to":[-0.5,0,0],"ti":[0,0,0]},{"i":{"x":0.833,"y":0.833},"o":{"x":0.167,"y":0.167},"n":"0p833_0p833_0p167_0p167","t":56,"s":[34,33.5,0],"e":[40,31.5,0],"to":[0,0,0],"ti":[0.16666667163372,0,0]},{"i":{"x":0.833,"y":0.833},"o":{"x":0.167,"y":0.167},"n":"0p833_0p833_0p167_0p167","t":60,"s":[40,31.5,0],"e":[33,33.5,0],"to":[-0.16666667163372,0,0],"ti":[0,0,0]},{"i":{"x":0.833,"y":0.833},"o":{"x":0.167,"y":0.167},"n":"0p833_0p833_0p167_0p167","t":64,"s":[33,33.5,0],"e":[40,31.5,0],"to":[0,0,0],"ti":[0.16666667163372,0,0]},{"i":{"x":0.833,"y":0.833},"o":{"x":0.167,"y":0.167},"n":"0p833_0p833_0p167_0p167","t":68,"s":[40,31.5,0],"e":[32,33.5,0],"to":[-0.16666667163372,0,0],"ti":[-0.16666667163372,0,0]},{"i":{"x":0.833,"y":0.833},"o":{"x":0.167,"y":0.167},"n":"0p833_0p833_0p167_0p167","t":72,"s":[32,33.5,0],"e":[41,31.5,0],"to":[0.16666667163372,0,0],"ti":[-0.83333331346512,0,0]},{"i":{"x":0.833,"y":0.833},"o":{"x":0.167,"y":0.167},"n":"0p833_0p833_0p167_0p167","t":76,"s":[41,31.5,0],"e":[37,33.5,0],"to":[0.83333331346512,0,0],"ti":[0.66666668653488,-0.33333334326744,0]},{"t":80.0000032584668}],"ix":2},"a":{"a":0,"k":[33.872,5.853,0],"ix":1},"s":{"a":0,"k":[109.554,100,100],"ix":6}},"ao":0,"shapes":[{"ty":"gr","it":[{"ty":"rc","d":1,"s":{"a":0,"k":[34,11],"ix":2},"p":{"a":0,"k":[0,0],"ix":3,"x":"var $bm_rt;\n$bm_rt = div(thisProperty.propertyGroup(1)(2), 2);"},"r":{"a":0,"k":6,"ix":4},"nm":"Rectangle Path 1","mn":"ADBE Vector Shape - Rect","hd":false},{"ty":"fl","c":{"a":0,"k":[0,0.545229017735,0.915922999382,1],"ix":4},"o":{"a":0,"k":100,"ix":5},"r":1,"nm":"Fill 1","mn":"ADBE Vector Graphic - Fill","hd":false},{"ty":"tr","p":{"a":0,"k":[0,0],"ix":2},"a":{"a":0,"k":[0,0],"ix":1},"s":{"a":0,"k":[100,100],"ix":3},"r":{"a":0,"k":0,"ix":6},"o":{"a":0,"k":100,"ix":7},"sk":{"a":0,"k":0,"ix":4},"sa":{"a":0,"k":0,"ix":5},"nm":"Transform"}],"nm":"Laptop base","np":2,"cix":2,"ix":1,"mn":"ADBE Vector Group","hd":false}],"ip":0,"op":183.000007453743,"st":0,"bm":0},{"ddd":0,"ind":3,"ty":4,"nm":"Laptop screen","parent":1,"sr":1,"ks":{"o":{"a":0,"k":100,"ix":11},"r":{"a":1,"k":[{"i":{"x":[0.833],"y":[0.833]},"o":{"x":[0.167],"y":[0.167]},"n":["0p833_0p833_0p167_0p167"],"t":48,"s":[0],"e":[-7]},{"i":{"x":[0.833],"y":[0.833]},"o":{"x":[0.167],"y":[0.167]},"n":["0p833_0p833_0p167_0p167"],"t":52,"s":[-7],"e":[5]},{"i":{"x":[0.833],"y":[0.833]},"o":{"x":[0.167],"y":[0.167]},"n":["0p833_0p833_0p167_0p167"],"t":56,"s":[5],"e":[-7]},{"i":{"x":[0.833],"y":[0.833]},"o":{"x":[0.167],"y":[0.167]},"n":["0p833_0p833_0p167_0p167"],"t":60,"s":[-7],"e":[5]},{"i":{"x":[0.833],"y":[0.833]},"o":{"x":[0.167],"y":[0.167]},"n":["0p833_0p833_0p167_0p167"],"t":64,"s":[5],"e":[-7]},{"i":{"x":[0.833],"y":[0.833]},"o":{"x":[0.167],"y":[0.167]},"n":["0p833_0p833_0p167_0p167"],"t":68,"s":[-7],"e":[5]},{"i":{"x":[0.833],"y":[0.833]},"o":{"x":[0.167],"y":[0.167]},"n":["0p833_0p833_0p167_0p167"],"t":72,"s":[5],"e":[-7]},{"i":{"x":[0.833],"y":[0.833]},"o":{"x":[0.167],"y":[0.167]},"n":["0p833_0p833_0p167_0p167"],"t":76,"s":[-7],"e":[0]},{"t":80.0000032584668}],"ix":10},"p":{"a":1,"k":[{"i":{"x":0.833,"y":0.833},"o":{"x":0.167,"y":0.167},"n":"0p833_0p833_0p167_0p167","t":10,"s":[23,-4,0],"e":[23,-4.571,0],"to":[0,-0.56313699483871,0],"ti":[0,1.30346012115479,0]},{"i":{"x":0.833,"y":0.833},"o":{"x":0.167,"y":0.167},"n":"0p833_0p833_0p167_0p167","t":20,"s":[23,-4.571,0],"e":[23,-9,0],"to":[0,-0.62540751695633,0],"ti":[0,0.2701963186264,0]},{"i":{"x":0.833,"y":0.833},"o":{"x":0.167,"y":0.167},"n":"0p833_0p833_0p167_0p167","t":24,"s":[23,-9,0],"e":[23,-9,0],"to":[0,-0.83333331346512,0],"ti":[0,0,0]},{"i":{"x":0.833,"y":0.833},"o":{"x":0.167,"y":0.167},"n":"0p833_0p833_0p167_0p167","t":37,"s":[23,-9,0],"e":[23,-4,0],"to":[0,0,0],"ti":[0,0,0]},{"t":42.0000017106951}],"ix":2},"a":{"a":0,"k":[0,0,0],"ix":1},"s":{"a":0,"k":[100,100,100],"ix":6}},"ao":0,"shapes":[{"ty":"gr","it":[{"ind":0,"ty":"sh","ix":1,"ks":{"a":0,"k":{"i":[[0,0],[0,0],[0,0],[0,0],[0,0],[0,0],[0,0]],"o":[[0,0],[0,0],[0,0],[0,0],[0,0],[0,0],[0,0]],"v":[[21.16,0],[64.85,0],[52.7,42],[9,42],[0,42],[3,31.33],[12.09,31.33]],"c":true},"ix":2},"nm":"Path 1","mn":"ADBE Vector Shape - Group","hd":false},{"ty":"fl","c":{"a":0,"k":[0,0.74830198288,1,1],"ix":4},"o":{"a":0,"k":100,"ix":5},"r":1,"nm":"Fill 1","mn":"ADBE Vector Graphic - Fill","hd":false},{"ty":"tr","p":{"a":0,"k":[0,0],"ix":2},"a":{"a":0,"k":[0,0],"ix":1},"s":{"a":0,"k":[100,100],"ix":3},"r":{"a":0,"k":0,"ix":6},"o":{"a":0,"k":100,"ix":7},"sk":{"a":0,"k":0,"ix":4},"sa":{"a":0,"k":0,"ix":5},"nm":"Transform"}],"nm":"Group 1","np":2,"cix":2,"ix":1,"mn":"ADBE Vector Group","hd":false}],"ip":0,"op":183.000007453743,"st":0,"bm":0},{"ddd":0,"ind":4,"ty":3,"nm":"▽ Shadows","sr":1,"ks":{"o":{"a":0,"k":100,"ix":11},"r":{"a":0,"k":0,"ix":10},"p":{"a":0,"k":[95,181,0],"ix":2},"a":{"a":0,"k":[0,0,0],"ix":1},"s":{"a":0,"k":[100,100,100],"ix":6}},"ao":0,"ip":0,"op":183.000007453743,"st":0,"bm":0},{"ddd":0,"ind":5,"ty":4,"nm":"Body shadow","parent":4,"sr":1,"ks":{"o":{"a":0,"k":100,"ix":11},"r":{"a":0,"k":0,"ix":10},"p":{"a":0,"k":[17.5,3.5,0],"ix":2},"a":{"a":0,"k":[17.5,3.5,0],"ix":1},"s":{"a":1,"k":[{"i":{"x":[0.833,0.833,0.833],"y":[0.833,0.833,0.833]},"o":{"x":[0.167,0.167,0.167],"y":[0.167,0.167,0.167]},"n":["0p833_0p833_0p167_0p167","0p833_0p833_0p167_0p167","0p833_0p833_0p167_0p167"],"t":0,"s":[100,100,100],"e":[100,100,100]},{"i":{"x":[0.833,0.833,0.833],"y":[0.833,0.833,0.833]},"o":{"x":[0.167,0.167,0.167],"y":[0.167,0.167,0.167]},"n":["0p833_0p833_0p167_0p167","0p833_0p833_0p167_0p167","0p833_0p833_0p167_0p167"],"t":14,"s":[100,100,100],"e":[77,100,100]},{"i":{"x":[0.833,0.833,0.833],"y":[0.833,0.833,0.833]},"o":{"x":[0.167,0.167,0.167],"y":[0.167,0.167,0.167]},"n":["0p833_0p833_0p167_0p167","0p833_0p833_0p167_0p167","0p833_0p833_0p167_0p167"],"t":24,"s":[77,100,100],"e":[77.037,100,100]},{"i":{"x":[0.833,0.833,0.833],"y":[0.833,0.833,0.833]},"o":{"x":[0.167,0.167,0.167],"y":[0.167,0.167,0.167]},"n":["0p833_0p833_0p167_0p167","0p833_0p833_0p167_0p167","0p833_0p833_0p167_0p167"],"t":41,"s":[77.037,100,100],"e":[58,100,100]},{"i":{"x":[0.833,0.833,0.833],"y":[0.833,0.833,0.833]},"o":{"x":[0.167,0.167,0.167],"y":[0.167,0.167,0.167]},"n":["0p833_0p833_0p167_0p167","0p833_0p833_0p167_0p167","0p833_0p833_0p167_0p167"],"t":51,"s":[58,100,100],"e":[59,100,100]},{"i":{"x":[0.833,0.833,0.833],"y":[0.833,0.833,0.833]},"o":{"x":[0.167,0.167,0.167],"y":[0.167,0.167,0.167]},"n":["0p833_0p833_0p167_0p167","0p833_0p833_0p167_0p167","0p833_0p833_0p167_0p167"],"t":68,"s":[59,100,100],"e":[77,100,100]},{"i":{"x":[0.833,0.833,0.833],"y":[0.833,0.833,0.833]},"o":{"x":[0.167,0.167,0.167],"y":[0.167,0.167,0.167]},"n":["0p833_0p833_0p167_0p167","0p833_0p833_0p167_0p167","0p833_0p833_0p167_0p167"],"t":77,"s":[77,100,100],"e":[77,100,100]},{"i":{"x":[0.833,0.833,0.833],"y":[0.833,0.833,0.833]},"o":{"x":[0.167,0.167,0.167],"y":[0.167,0.167,0.167]},"n":["0p833_0p833_0p167_0p167","0p833_0p833_0p167_0p167","0p833_0p833_0p167_0p167"],"t":93,"s":[77,100,100],"e":[100,100,100]},{"t":102.000004154545}],"ix":6}},"ao":0,"shapes":[{"ty":"gr","it":[{"ty":"rc","d":1,"s":{"a":0,"k":[35,7],"ix":2},"p":{"a":0,"k":[0,0],"ix":3,"x":"var $bm_rt;\n$bm_rt = div(thisProperty.propertyGroup(1)(2), 2);"},"r":{"a":0,"k":6,"ix":4},"nm":"Rectangle Path 1","mn":"ADBE Vector Shape - Rect","hd":false},{"ty":"fl","c":{"a":0,"k":[0.847000002861,0.847000002861,0.847000002861,1],"ix":4},"o":{"a":0,"k":100,"ix":5},"r":1,"nm":"Fill 1","mn":"ADBE Vector Graphic - Fill","hd":false},{"ty":"tr","p":{"a":0,"k":[0,0],"ix":2},"a":{"a":0,"k":[0,0],"ix":1},"s":{"a":0,"k":[100,100],"ix":3},"r":{"a":0,"k":0,"ix":6},"o":{"a":0,"k":100,"ix":7},"sk":{"a":0,"k":0,"ix":4},"sa":{"a":0,"k":0,"ix":5},"nm":"Transform"}],"nm":"Body shadow","np":2,"cix":2,"ix":1,"mn":"ADBE Vector Group","hd":false}],"ip":0,"op":183.000007453743,"st":0,"bm":0},{"ddd":0,"ind":6,"ty":4,"nm":"Laptop shadow","parent":4,"sr":1,"ks":{"o":{"a":0,"k":100,"ix":11},"r":{"a":0,"k":0,"ix":10},"p":{"a":0,"k":[80.75,3.375,0],"ix":2},"a":{"a":0,"k":[36.386,3.375,0],"ix":1},"s":{"a":1,"k":[{"i":{"x":[0.833,0.833,0.833],"y":[0.833,0.833,0.833]},"o":{"x":[0.167,0.167,0.167],"y":[0.167,0.167,0.167]},"n":["0p833_0p833_0p167_0p167","0p833_0p833_0p167_0p167","0p833_0p833_0p167_0p167"],"t":10,"s":[100,100,100],"e":[101,100,100]},{"i":{"x":[0.833,0.833,0.833],"y":[0.833,0.833,0.833]},"o":{"x":[0.167,0.167,0.167],"y":[0.167,0.167,0.167]},"n":["0p833_0p833_0p167_0p167","0p833_0p833_0p167_0p167","0p833_0p833_0p167_0p167"],"t":20,"s":[101,100,100],"e":[79,100,100]},{"i":{"x":[0.833,0.833,0.833],"y":[0.833,0.833,0.833]},"o":{"x":[0.167,0.167,0.167],"y":[0.167,0.167,0.167]},"n":["0p833_0p833_0p167_0p167","0p833_0p833_0p167_0p167","0p833_0p833_0p167_0p167"],"t":28,"s":[79,100,100],"e":[79,100,100]},{"i":{"x":[0.833,0.833,0.833],"y":[0.833,0.833,0.833]},"o":{"x":[0.167,0.167,0.167],"y":[0.167,0.167,0.167]},"n":["0p833_0p833_0p167_0p167","0p833_0p833_0p167_0p167","0p833_0p833_0p167_0p167"],"t":41,"s":[79,100,100],"e":[101,100,100]},{"i":{"x":[0.833,0.833,0.833],"y":[0.833,0.833,0.833]},"o":{"x":[0.167,0.167,0.167],"y":[0.167,0.167,0.167]},"n":["0p833_0p833_0p167_0p167","0p833_0p833_0p167_0p167","0p833_0p833_0p167_0p167"],"t":47,"s":[101,100,100],"e":[84,100,100]},{"i":{"x":[0.833,0.833,0.833],"y":[0.833,0.833,0.833]},"o":{"x":[0.167,0.167,0.167],"y":[0.167,0.167,0.167]},"n":["0p833_0p833_0p167_0p167","0p833_0p833_0p167_0p167","0p833_0p833_0p167_0p167"],"t":52,"s":[84,100,100],"e":[100,100,100]},{"i":{"x":[0.833,0.833,0.833],"y":[0.833,0.833,0.833]},"o":{"x":[0.167,0.167,0.167],"y":[0.167,0.167,0.167]},"n":["0p833_0p833_0p167_0p167","0p833_0p833_0p167_0p167","0p833_0p833_0p167_0p167"],"t":56,"s":[100,100,100],"e":[80,100,100]},{"i":{"x":[0.833,0.833,0.833],"y":[0.833,0.833,0.833]},"o":{"x":[0.167,0.167,0.167],"y":[0.167,0.167,0.167]},"n":["0p833_0p833_0p167_0p167","0p833_0p833_0p167_0p167","0p833_0p833_0p167_0p167"],"t":60,"s":[80,100,100],"e":[100,100,100]},{"i":{"x":[0.833,0.833,0.833],"y":[0.833,0.833,0.833]},"o":{"x":[0.167,0.167,0.167],"y":[0.167,0.167,0.167]},"n":["0p833_0p833_0p167_0p167","0p833_0p833_0p167_0p167","0p833_0p833_0p167_0p167"],"t":64,"s":[100,100,100],"e":[79,100,100]},{"i":{"x":[0.833,0.833,0.833],"y":[0.833,0.833,0.833]},"o":{"x":[0.167,0.167,0.167],"y":[0.167,0.167,0.167]},"n":["0p833_0p833_0p167_0p167","0p833_0p833_0p167_0p167","0p833_0p833_0p167_0p167"],"t":68,"s":[79,100,100],"e":[100,100,100]},{"i":{"x":[0.833,0.833,0.833],"y":[0.833,0.833,0.833]},"o":{"x":[0.167,0.167,0.167],"y":[0.167,0.167,0.167]},"n":["0p833_0p833_0p167_0p167","0p833_0p833_0p167_0p167","0p833_0p833_0p167_0p167"],"t":72,"s":[100,100,100],"e":[78,100,100]},{"i":{"x":[0.833,0.833,0.833],"y":[0.833,0.833,0.833]},"o":{"x":[0.167,0.167,0.167],"y":[0.167,0.167,0.167]},"n":["0p833_0p833_0p167_0p167","0p833_0p833_0p167_0p167","0p833_0p833_0p167_0p167"],"t":77,"s":[78,100,100],"e":[100,100,100]},{"t":79.000003217736}],"ix":6}},"ao":0,"shapes":[{"ty":"gr","it":[{"ty":"rc","d":1,"s":{"a":0,"k":[73,7],"ix":2},"p":{"a":0,"k":[0,0],"ix":3,"x":"var $bm_rt;\n$bm_rt = div(thisProperty.propertyGroup(1)(2), 2);"},"r":{"a":0,"k":6,"ix":4},"nm":"Rectangle Path 1","mn":"ADBE Vector Shape - Rect","hd":false},{"ty":"fl","c":{"a":0,"k":[0.847000002861,0.847000002861,0.847000002861,1],"ix":4},"o":{"a":0,"k":100,"ix":5},"r":1,"nm":"Fill 1","mn":"ADBE Vector Graphic - Fill","hd":false},{"ty":"tr","p":{"a":0,"k":[0,0],"ix":2},"a":{"a":0,"k":[0,0],"ix":1},"s":{"a":0,"k":[100,100],"ix":3},"r":{"a":0,"k":0,"ix":6},"o":{"a":0,"k":100,"ix":7},"sk":{"a":0,"k":0,"ix":4},"sa":{"a":0,"k":0,"ix":5},"nm":"Transform"}],"nm":"Laptop shadow","np":2,"cix":2,"ix":1,"mn":"ADBE Vector Group","hd":false}],"ip":0,"op":183.000007453743,"st":0,"bm":0},{"ddd":0,"ind":7,"ty":4,"nm":"Orange circle","sr":1,"ks":{"o":{"a":0,"k":100,"ix":11},"r":{"a":0,"k":0,"ix":10},"p":{"a":0,"k":[89.5,127.5,0],"ix":2},"a":{"a":0,"k":[3.5,3.5,0],"ix":1},"s":{"a":1,"k":[{"i":{"x":[0.833,0.833,0.833],"y":[0.833,0.833,0.833]},"o":{"x":[0.167,0.167,0.167],"y":[0.167,0.167,0.167]},"n":["0p833_0p833_0p167_0p167","0p833_0p833_0p167_0p167","0p833_0p833_0p167_0p167"],"t":5,"s":[100,100,100],"e":[59,59,100]},{"i":{"x":[0.833,0.833,0.833],"y":[0.833,0.833,0.833]},"o":{"x":[0.167,0.167,0.167],"y":[0.167,0.167,0.167]},"n":["0p833_0p833_0p167_0p167","0p833_0p833_0p167_0p167","0p833_0p833_0p167_0p167"],"t":28,"s":[59,59,100],"e":[63,63,100]},{"i":{"x":[0.833,0.833,0.833],"y":[0.833,0.833,0.833]},"o":{"x":[0.167,0.167,0.167],"y":[0.167,0.167,0.167]},"n":["0p833_0p833_0p167_0p167","0p833_0p833_0p167_0p167","0p833_0p833_0p167_0p167"],"t":49,"s":[63,63,100],"e":[64,64,100]},{"i":{"x":[0.833,0.833,0.833],"y":[0.833,0.833,0.833]},"o":{"x":[0.167,0.167,0.167],"y":[0.167,0.167,0.167]},"n":["0p833_0p833_0p167_0p167","0p833_0p833_0p167_0p167","0p833_0p833_0p167_0p167"],"t":74,"s":[64,64,100],"e":[100,100,100]},{"t":97.000003950891}],"ix":6}},"ao":0,"shapes":[{"ty":"gr","it":[{"d":1,"ty":"el","s":{"a":0,"k":[7,7],"ix":2},"p":{"a":0,"k":[0,0],"ix":3,"x":"var $bm_rt;\n$bm_rt = div(thisProperty.propertyGroup(1)(2), 2);"},"nm":"Ellipse Path 1","mn":"ADBE Vector Shape - Ellipse","hd":false},{"ty":"fl","c":{"a":0,"k":[1,0.621774017811,0,1],"ix":4},"o":{"a":0,"k":100,"ix":5},"r":1,"nm":"Fill 1","mn":"ADBE Vector Graphic - Fill","hd":false},{"ty":"tr","p":{"a":0,"k":[0,0],"ix":2},"a":{"a":0,"k":[0,0],"ix":1},"s":{"a":0,"k":[100,100],"ix":3},"r":{"a":0,"k":0,"ix":6},"o":{"a":0,"k":100,"ix":7},"sk":{"a":0,"k":0,"ix":4},"sa":{"a":0,"k":0,"ix":5},"nm":"Transform"}],"nm":"Orange circle","np":2,"cix":2,"ix":1,"mn":"ADBE Vector Group","hd":false}],"ip":0,"op":183.000007453743,"st":0,"bm":0},{"ddd":0,"ind":8,"ty":3,"nm":"▽ Character","sr":1,"ks":{"o":{"a":0,"k":100,"ix":11},"r":{"a":0,"k":0,"ix":10},"p":{"a":0,"k":[94,74,0],"ix":2},"a":{"a":0,"k":[0,0,0],"ix":1},"s":{"a":0,"k":[100,100,100],"ix":6}},"ao":0,"ip":0,"op":183.000007453743,"st":0,"bm":0},{"ddd":0,"ind":9,"ty":4,"nm":"Eye right","parent":8,"sr":1,"ks":{"o":{"a":0,"k":100,"ix":11},"r":{"a":0,"k":0,"ix":10},"p":{"a":1,"k":[{"i":{"x":0.833,"y":0.833},"o":{"x":0.167,"y":0.167},"n":"0p833_0p833_0p167_0p167","t":54,"s":[62.5,42.25,0],"e":[62.5,39.25,0],"to":[0,-0.5,0],"ti":[0,0,0]},{"i":{"x":0.833,"y":0.833},"o":{"x":0.167,"y":0.167},"n":"0p833_0p833_0p167_0p167","t":65,"s":[62.5,39.25,0],"e":[62.5,39.2,0],"to":[0,0,0],"ti":[0,-0.90798115730286,0]},{"i":{"x":0.833,"y":0.833},"o":{"x":0.167,"y":0.167},"n":"0p833_0p833_0p167_0p167","t":94,"s":[62.5,39.2,0],"e":[62.5,42.25,0],"to":[0,0.26169010996819,0],"ti":[0,-0.11186481267214,0]},{"t":101.000004113814}],"ix":2},"a":{"a":0,"k":[4.5,4.25,0],"ix":1},"s":{"a":1,"k":[{"i":{"x":[0.833,0.833,0.833],"y":[0.833,0.833,0.833]},"o":{"x":[0.167,0.167,0.167],"y":[0.167,0.167,0.167]},"n":["0p833_0p833_0p167_0p167","0p833_0p833_0p167_0p167","0p833_0p833_0p167_0p167"],"t":19,"s":[100,100,100],"e":[100,100,100]},{"i":{"x":[0.833,0.833,0.833],"y":[0.833,0.833,0.833]},"o":{"x":[0.167,0.167,0.167],"y":[0.167,0.167,0.167]},"n":["0p833_0p833_0p167_0p167","0p833_0p833_0p167_0p167","0p833_0p833_0p167_0p167"],"t":45,"s":[100,100,100],"e":[100,23,100]},{"i":{"x":[0.833,0.833,0.833],"y":[0.833,0.833,0.833]},"o":{"x":[0.167,0.167,0.167],"y":[0.167,0.167,0.167]},"n":["0p833_0p833_0p167_0p167","0p833_0p833_0p167_0p167","0p833_0p833_0p167_0p167"],"t":50,"s":[100,23,100],"e":[100,24,100]},{"i":{"x":[0.833,0.833,0.833],"y":[0.833,0.833,0.833]},"o":{"x":[0.167,0.167,0.167],"y":[0.167,0.167,0.167]},"n":["0p833_0p833_0p167_0p167","0p833_0p833_0p167_0p167","0p833_0p833_0p167_0p167"],"t":79,"s":[100,24,100],"e":[100,100,100]},{"t":85.000003462121}],"ix":6}},"ao":0,"shapes":[{"ty":"gr","it":[{"d":1,"ty":"el","s":{"a":0,"k":[9,9],"ix":2},"p":{"a":0,"k":[0,0],"ix":3,"x":"var $bm_rt;\n$bm_rt = div(thisProperty.propertyGroup(1)(2), 2);"},"nm":"Ellipse Path 1","mn":"ADBE Vector Shape - Ellipse","hd":false},{"ty":"fl","c":{"a":0,"k":[0.345097988844,0,0.650979995728,1],"ix":4},"o":{"a":0,"k":100,"ix":5},"r":1,"nm":"Fill 1","mn":"ADBE Vector Graphic - Fill","hd":false},{"ty":"tr","p":{"a":0,"k":[0,0],"ix":2},"a":{"a":0,"k":[0,0],"ix":1},"s":{"a":0,"k":[100,100],"ix":3},"r":{"a":0,"k":0,"ix":6},"o":{"a":0,"k":100,"ix":7},"sk":{"a":0,"k":0,"ix":4},"sa":{"a":0,"k":0,"ix":5},"nm":"Transform"}],"nm":"Eye right","np":2,"cix":2,"ix":1,"mn":"ADBE Vector Group","hd":false}],"ip":0,"op":183.000007453743,"st":0,"bm":0},{"ddd":0,"ind":10,"ty":4,"nm":"Eye left","parent":8,"sr":1,"ks":{"o":{"a":0,"k":100,"ix":11},"r":{"a":0,"k":0,"ix":10},"p":{"a":1,"k":[{"i":{"x":0.833,"y":0.833},"o":{"x":0.167,"y":0.167},"n":"0p833_0p833_0p167_0p167","t":54,"s":[45,38,0],"e":[45,35,0],"to":[0,-0.5,0],"ti":[0,0,0]},{"i":{"x":0.833,"y":0.833},"o":{"x":0.167,"y":0.167},"n":"0p833_0p833_0p167_0p167","t":65,"s":[45,35,0],"e":[45,35,0],"to":[0,0,0],"ti":[0,-0.90798115730286,0]},{"i":{"x":0.833,"y":0.833},"o":{"x":0.167,"y":0.167},"n":"0p833_0p833_0p167_0p167","t":94,"s":[45,35,0],"e":[45,38,0],"to":[0,0.26169010996819,0],"ti":[0,-0.11186481267214,0]},{"t":101.000004113814}],"ix":2},"a":{"a":0,"k":[0,0,0],"ix":1},"s":{"a":0,"k":[100,100,100],"ix":6}},"ao":0,"shapes":[{"ty":"gr","it":[{"d":1,"ty":"el","s":{"a":0,"k":[9,9],"ix":2},"p":{"a":0,"k":[0,0],"ix":3,"x":"var $bm_rt;\n$bm_rt = div(thisProperty.propertyGroup(1)(2), 2);"},"nm":"Ellipse Path 1","mn":"ADBE Vector Shape - Ellipse","hd":false},{"ty":"fl","c":{"a":0,"k":[0.345097988844,0,0.650979995728,1],"ix":4},"o":{"a":0,"k":100,"ix":5},"r":1,"nm":"Fill 1","mn":"ADBE Vector Graphic - Fill","hd":false},{"ty":"tr","p":{"a":0,"k":[0,0],"ix":2},"a":{"a":0,"k":[0,0],"ix":1},"s":{"a":0,"k":[100,100],"ix":3},"r":{"a":0,"k":0,"ix":6},"o":{"a":0,"k":100,"ix":7},"sk":{"a":0,"k":0,"ix":4},"sa":{"a":0,"k":0,"ix":5},"nm":"Transform"}],"nm":"Eye left","np":2,"cix":2,"ix":1,"mn":"ADBE Vector Group","hd":false}],"ip":0,"op":183.000007453743,"st":0,"bm":0},{"ddd":0,"ind":11,"ty":4,"nm":"Cap","parent":8,"sr":1,"ks":{"o":{"a":0,"k":100,"ix":11},"r":{"a":0,"k":0,"ix":10},"p":{"a":1,"k":[{"i":{"x":0.833,"y":0.833},"o":{"x":0.167,"y":0.167},"n":"0p833_0p833_0p167_0p167","t":0,"s":[47.688,13.968,0],"e":[47.688,13.968,0],"to":[0,-2.96059482056635e-16,0],"ti":[0,0,0]},{"i":{"x":0.833,"y":0.833},"o":{"x":0.167,"y":0.167},"n":"0p833_0p833_0p167_0p167","t":14,"s":[47.688,13.968,0],"e":[47.688,11.968,0],"to":[0,-0.33333334326744,0],"ti":[0,0.33333334326744,0]},{"i":{"x":0.833,"y":0.833},"o":{"x":0.167,"y":0.167},"n":"0p833_0p833_0p167_0p167","t":24,"s":[47.688,11.968,0],"e":[47.688,11.968,0],"to":[0,0,0],"ti":[0,0,0]},{"i":{"x":0.833,"y":0.833},"o":{"x":0.167,"y":0.167},"n":"0p833_0p833_0p167_0p167","t":41,"s":[47.688,11.968,0],"e":[47.688,9.968,0],"to":[0,-0.33333334326744,0],"ti":[0,0.33333334326744,0]},{"i":{"x":0.833,"y":0.833},"o":{"x":0.167,"y":0.167},"n":"0p833_0p833_0p167_0p167","t":51,"s":[47.688,9.968,0],"e":[47.688,9.968,0],"to":[0,0,0],"ti":[0,0,0]},{"i":{"x":0.833,"y":0.833},"o":{"x":0.167,"y":0.167},"n":"0p833_0p833_0p167_0p167","t":68,"s":[47.688,9.968,0],"e":[47.688,11.968,0],"to":[0,0.33333334326744,0],"ti":[0,-0.33333334326744,0]},{"i":{"x":0.833,"y":0.833},"o":{"x":0.167,"y":0.167},"n":"0p833_0p833_0p167_0p167","t":77,"s":[47.688,11.968,0],"e":[47.688,11.968,0],"to":[0,0,0],"ti":[0,0,0]},{"i":{"x":0.833,"y":0.833},"o":{"x":0.167,"y":0.167},"n":"0p833_0p833_0p167_0p167","t":93,"s":[47.688,11.968,0],"e":[47.688,13.968,0],"to":[0,0.33333334326744,0],"ti":[0,-0.33333334326744,0]},{"t":102.000004154545}],"ix":2},"a":{"a":0,"k":[18.11,9.659,0],"ix":1},"s":{"a":0,"k":[113.889,113.889,100],"ix":6}},"ao":0,"shapes":[{"ty":"gr","it":[{"ind":0,"ty":"sh","ix":1,"ks":{"a":0,"k":{"i":[[0,0],[9.94,0],[0,0]],"o":[[0,0],[-9.94,0],[0,0]],"v":[[36,18],[18,0],[0,18]],"c":true},"ix":2},"nm":"Path 1","mn":"ADBE Vector Shape - Group","hd":false},{"ty":"fl","c":{"a":0,"k":[0.81620401144,0.007513000164,0.106696002185,1],"ix":4},"o":{"a":0,"k":100,"ix":5},"r":1,"nm":"Fill 1","mn":"ADBE Vector Graphic - Fill","hd":false},{"ty":"tr","p":{"a":0,"k":[0,0],"ix":2},"a":{"a":0,"k":[0,0],"ix":1},"s":{"a":0,"k":[100,100],"ix":3},"r":{"a":0,"k":0,"ix":6},"o":{"a":0,"k":100,"ix":7},"sk":{"a":0,"k":0,"ix":4},"sa":{"a":0,"k":0,"ix":5},"nm":"Transform"}],"nm":"Group 1","np":2,"cix":2,"ix":1,"mn":"ADBE Vector Group","hd":false}],"ip":0,"op":183.000007453743,"st":0,"bm":0},{"ddd":0,"ind":12,"ty":4,"nm":"Body","parent":8,"sr":1,"ks":{"o":{"a":0,"k":100,"ix":11},"r":{"a":0,"k":0,"ix":10},"p":{"a":1,"k":[{"i":{"x":0.833,"y":0.833},"o":{"x":0.167,"y":0.167},"n":"0p833_0p833_0p167_0p167","t":0,"s":[0.46,22,0],"e":[0.46,21.747,0],"to":[0,0,0],"ti":[0,0,0]},{"i":{"x":0.833,"y":0.833},"o":{"x":0.167,"y":0.167},"n":"0p833_0p833_0p167_0p167","t":14,"s":[0.46,21.747,0],"e":[0.46,19,0],"to":[0,0,0],"ti":[0,0,0]},{"i":{"x":0.833,"y":0.833},"o":{"x":0.167,"y":0.167},"n":"0p833_0p833_0p167_0p167","t":24,"s":[0.46,19,0],"e":[0.46,19.541,0],"to":[0,0,0],"ti":[0,0,0]},{"i":{"x":0.833,"y":0.833},"o":{"x":0.167,"y":0.167},"n":"0p833_0p833_0p167_0p167","t":41,"s":[0.46,19.541,0],"e":[0.46,17.125,0],"to":[0,0,0],"ti":[0,0,0]},{"i":{"x":0.833,"y":0.833},"o":{"x":0.167,"y":0.167},"n":"0p833_0p833_0p167_0p167","t":51,"s":[0.46,17.125,0],"e":[0.46,17.225,0],"to":[0,0,0],"ti":[0,0,0]},{"i":{"x":0.833,"y":0.833},"o":{"x":0.167,"y":0.167},"n":"0p833_0p833_0p167_0p167","t":68,"s":[0.46,17.225,0],"e":[0.46,19,0],"to":[0,0,0],"ti":[0,0,0]},{"i":{"x":0.833,"y":0.833},"o":{"x":0.167,"y":0.167},"n":"0p833_0p833_0p167_0p167","t":77,"s":[0.46,19,0],"e":[0.46,19,0],"to":[0,0,0],"ti":[0,0,0]},{"i":{"x":0.833,"y":0.833},"o":{"x":0.167,"y":0.167},"n":"0p833_0p833_0p167_0p167","t":93,"s":[0.46,19,0],"e":[0.46,22,0],"to":[0,0,0],"ti":[0,0,0]},{"t":102.000004154545}],"ix":2},"a":{"a":0,"k":[0,0,0],"ix":1},"s":{"a":0,"k":[100,100,100],"ix":6}},"ao":0,"shapes":[{"ty":"gr","it":[{"ind":0,"ty":"sh","ix":1,"ks":{"a":1,"k":[{"i":{"x":0.833,"y":0.833},"o":{"x":0.167,"y":0.167},"n":"0p833_0p833_0p167_0p167","t":48,"s":[{"i":[[1.56,2.49],[1.37,2.05],[1,-7.5],[1.2,3.29],[-3.5,6.14],[-2.91,4.16],[0,12],[0,0],[0,0],[-4,-5],[0.22,-5.12],[0.81,-1.277],[-0.562,-0.46],[-1.5,-1.163],[-1.5,-1.101],[1.375,-2.538],[1.974,1.329],[0.344,-1.319],[0.781,-2.132],[0.62,-3.48],[0.172,-2.084],[0.5,10.274],[0,-11],[1.63,-0.81]],"o":[[-1.55,-2.49],[-1.37,-2.05],[-1,7.5],[-1.19,-3.29],[3.51,-6.14],[2.91,-4.16],[0,-12],[0,0],[0,0],[4,5],[-0.21,5.12],[-0.799,1.261],[0.875,0.899],[2.53,1.962],[0.75,0.524],[-2.13,3.932],[-2.516,-1.694],[-0.5,1.337],[-1.732,4.726],[-0.61,3.48],[-0.25,3.024],[-1,-7.5],[-0.88,1.58],[-1.63,0.81]],"v":[[23.54,76],[21.54,70],[11.54,72.5],[0.54,75],[3.54,57],[12.54,46],[19.54,25],[29.54,0],[63.54,0],[68.54,5],[73.54,25],[68.48,41.67],[67.727,44.75],[71.79,48.375],[76.602,52.75],[76.54,57],[66.54,57],[60.04,54.75],[58.54,59],[56.54,69],[55.54,76],[45.54,72.5],[32.54,75],[30.04,78.25]],"c":true}],"e":[{"i":[[1.56,2.49],[1.37,2.05],[1,-7.5],[1.2,3.29],[-3.5,6.14],[-2.91,4.16],[0,12],[0,0],[0,0],[-4,-5],[0.22,-5.12],[0.97,-1.16],[-0.375,-0.758],[-0.375,-0.883],[-0.688,-2.196],[4.695,-3.397],[1.762,4.238],[0.219,-0.29],[0.625,-2.508],[0.62,-3.48],[0.26,-2.075],[-0.625,9.617],[0,-11],[1.63,-0.81]],"o":[[-1.55,-2.49],[-1.37,-2.05],[-1,7.5],[-1.19,-3.29],[3.51,-6.14],[2.91,-4.16],[0,-12],[0,0],[0,0],[4,5],[-0.21,5.12],[-0.97,1.17],[0.472,1.191],[1.278,2.577],[0.646,2.063],[-3.578,2.588],[-0.406,-0.977],[-0.412,0.89],[-1.217,4.884],[-0.61,3.48],[-0.5,3.992],[-1,-7.5],[-0.88,1.58],[-1.63,0.81]],"v":[[23.54,76],[21.54,70],[11.54,72.5],[0.54,75],[3.54,57],[12.54,46],[19.54,25],[29.54,0],[63.54,0],[68.54,5],[73.54,25],[68.48,41.67],[67.352,45.375],[70.54,51.188],[74.102,57.938],[70.79,66.688],[61.228,56.5],[60.04,54.625],[58.54,59],[56.54,69],[55.54,76],[45.54,72.5],[32.54,75],[30.54,78]],"c":true}]},{"i":{"x":0.833,"y":0.833},"o":{"x":0.167,"y":0.167},"n":"0p833_0p833_0p167_0p167","t":52,"s":[{"i":[[1.56,2.49],[1.37,2.05],[1,-7.5],[1.2,3.29],[-3.5,6.14],[-2.91,4.16],[0,12],[0,0],[0,0],[-4,-5],[0.22,-5.12],[0.97,-1.16],[-0.375,-0.758],[-0.375,-0.883],[-0.688,-2.196],[4.695,-3.397],[1.762,4.238],[0.219,-0.29],[0.625,-2.508],[0.62,-3.48],[0.26,-2.075],[-0.625,9.617],[0,-11],[1.63,-0.81]],"o":[[-1.55,-2.49],[-1.37,-2.05],[-1,7.5],[-1.19,-3.29],[3.51,-6.14],[2.91,-4.16],[0,-12],[0,0],[0,0],[4,5],[-0.21,5.12],[-0.97,1.17],[0.472,1.191],[1.278,2.577],[0.646,2.063],[-3.578,2.588],[-0.406,-0.977],[-0.412,0.89],[-1.217,4.884],[-0.61,3.48],[-0.5,3.992],[-1,-7.5],[-0.88,1.58],[-1.63,0.81]],"v":[[23.54,76],[21.54,70],[11.54,72.5],[0.54,75],[3.54,57],[12.54,46],[19.54,25],[29.54,0],[63.54,0],[68.54,5],[73.54,25],[68.48,41.67],[67.352,45.375],[70.54,51.188],[74.102,57.938],[70.79,66.688],[61.228,56.5],[60.04,54.625],[58.54,59],[56.54,69],[55.54,76],[45.54,72.5],[32.54,75],[30.54,78]],"c":true}],"e":[{"i":[[1.56,2.49],[1.37,2.05],[1,-7.5],[1.2,3.29],[-3.5,6.14],[-2.91,4.16],[0,12],[0,0],[0,0],[-4,-5],[0.22,-5.12],[0.777,-1.297],[-0.25,-0.533],[-2.619,-1.842],[-1.875,-1.533],[0.688,-1.22],[2.875,0.905],[0.125,-0.033],[0.625,-2.783],[0.62,-3.48],[0.25,-2.033],[-0.25,10.342],[0,-11],[1.63,-0.81]],"o":[[-1.55,-2.49],[-1.37,-2.05],[-1,7.5],[-1.19,-3.29],[3.51,-6.14],[2.91,-4.16],[0,-12],[0,0],[0,0],[4,5],[-0.21,5.12],[-0.815,1.36],[0.375,0.342],[1.375,0.967],[1.674,1.369],[-2.195,3.896],[-2.961,-0.932],[-1.53,0.44],[-1.103,4.911],[-0.61,3.48],[-0.316,2.573],[-1,-7.5],[-0.88,1.58],[-1.63,0.81]],"v":[[23.54,76],[21.54,70],[11.54,72.5],[0.54,75],[3.54,57],[12.54,46],[19.54,25],[29.54,0],[63.54,0],[68.54,5],[73.54,25],[68.605,40.295],[66.665,44.5],[71.227,48.5],[76.415,52.875],[76.54,57],[66.54,57],[60.54,55],[58.54,59],[56.54,69],[55.665,76],[45.54,72.5],[32.54,75],[30.54,78]],"c":true}]},{"i":{"x":0.833,"y":0.833},"o":{"x":0.167,"y":0.167},"n":"0p833_0p833_0p167_0p167","t":56,"s":[{"i":[[1.56,2.49],[1.37,2.05],[1,-7.5],[1.2,3.29],[-3.5,6.14],[-2.91,4.16],[0,12],[0,0],[0,0],[-4,-5],[0.22,-5.12],[0.777,-1.297],[-0.25,-0.533],[-2.619,-1.842],[-1.875,-1.533],[0.688,-1.22],[2.875,0.905],[0.125,-0.033],[0.625,-2.783],[0.62,-3.48],[0.25,-2.033],[-0.25,10.342],[0,-11],[1.63,-0.81]],"o":[[-1.55,-2.49],[-1.37,-2.05],[-1,7.5],[-1.19,-3.29],[3.51,-6.14],[2.91,-4.16],[0,-12],[0,0],[0,0],[4,5],[-0.21,5.12],[-0.815,1.36],[0.375,0.342],[1.375,0.967],[1.674,1.369],[-2.195,3.896],[-2.961,-0.932],[-1.53,0.44],[-1.103,4.911],[-0.61,3.48],[-0.316,2.573],[-1,-7.5],[-0.88,1.58],[-1.63,0.81]],"v":[[23.54,76],[21.54,70],[11.54,72.5],[0.54,75],[3.54,57],[12.54,46],[19.54,25],[29.54,0],[63.54,0],[68.54,5],[73.54,25],[68.605,40.295],[66.665,44.5],[71.227,48.5],[76.415,52.875],[76.54,57],[66.54,57],[60.54,55],[58.54,59],[56.54,69],[55.665,76],[45.54,72.5],[32.54,75],[30.54,78]],"c":true}],"e":[{"i":[[1.56,2.49],[1.37,2.05],[1,-7.5],[1.2,3.29],[-3.5,6.14],[-2.91,4.16],[0,12],[0,0],[0,0],[-4,-5],[0.22,-5.12],[0.622,-1.66],[-0.219,-0.536],[-0.725,-1.662],[-0.438,-2.177],[5.188,-2.115],[0.75,1.51],[0.125,-0.052],[0.562,-2.302],[0.62,-3.48],[0.78,-1.94],[-0.125,8.573],[0,-11],[1.63,-0.81]],"o":[[-1.55,-2.49],[-1.37,-2.05],[-1,7.5],[-1.19,-3.29],[3.51,-6.14],[2.91,-4.16],[0,-12],[0,0],[0,0],[4,5],[-0.21,5.12],[-0.534,1.423],[0.438,0.885],[1.312,3.01],[0.519,2.585],[-2.238,0.912],[-0.375,-0.74],[-0.5,0.76],[-1.195,4.889],[-0.61,3.48],[-0.77,1.94],[-1,-7.5],[-0.88,1.58],[-1.63,0.81]],"v":[[23.54,76],[21.54,70],[11.54,72.5],[0.54,75],[3.54,57],[12.54,46],[19.54,25],[29.54,0],[63.54,0],[68.54,5],[73.54,25],[68.98,40.42],[67.368,43.844],[70.102,48.875],[72.79,57.5],[69.852,66.562],[61.478,56.188],[60.102,54.625],[58.54,59],[56.54,69],[55.54,76],[45.54,72.5],[32.54,75],[30.54,78]],"c":true}]},{"i":{"x":0.833,"y":0.833},"o":{"x":0.167,"y":0.167},"n":"0p833_0p833_0p167_0p167","t":60,"s":[{"i":[[1.56,2.49],[1.37,2.05],[1,-7.5],[1.2,3.29],[-3.5,6.14],[-2.91,4.16],[0,12],[0,0],[0,0],[-4,-5],[0.22,-5.12],[0.622,-1.66],[-0.219,-0.536],[-0.725,-1.662],[-0.438,-2.177],[5.188,-2.115],[0.75,1.51],[0.125,-0.052],[0.562,-2.302],[0.62,-3.48],[0.78,-1.94],[-0.125,8.573],[0,-11],[1.63,-0.81]],"o":[[-1.55,-2.49],[-1.37,-2.05],[-1,7.5],[-1.19,-3.29],[3.51,-6.14],[2.91,-4.16],[0,-12],[0,0],[0,0],[4,5],[-0.21,5.12],[-0.534,1.423],[0.438,0.885],[1.312,3.01],[0.519,2.585],[-2.238,0.912],[-0.375,-0.74],[-0.5,0.76],[-1.195,4.889],[-0.61,3.48],[-0.77,1.94],[-1,-7.5],[-0.88,1.58],[-1.63,0.81]],"v":[[23.54,76],[21.54,70],[11.54,72.5],[0.54,75],[3.54,57],[12.54,46],[19.54,25],[29.54,0],[63.54,0],[68.54,5],[73.54,25],[68.98,40.42],[67.368,43.844],[70.102,48.875],[72.79,57.5],[69.852,66.562],[61.478,56.188],[60.102,54.625],[58.54,59],[56.54,69],[55.54,76],[45.54,72.5],[32.54,75],[30.54,78]],"c":true}],"e":[{"i":[[1.56,2.49],[1.37,2.05],[1,-7.5],[1.2,3.29],[-3.5,6.14],[-2.91,4.16],[0,12],[0,0],[0,0],[-4,-5],[0.22,-5.12],[0.882,-1.228],[-0.156,-0.15],[-0.995,-0.766],[-1.688,-1.384],[2,-4],[3.25,0.803],[0.125,0.053],[0.812,-3.134],[0.62,-3.48],[0.78,-1.94],[1,6],[0,-11],[1.63,-0.81]],"o":[[-1.55,-2.49],[-1.37,-2.05],[-1,7.5],[-1.19,-3.29],[3.51,-6.14],[2.91,-4.16],[0,-12],[0,0],[0,0],[4,5],[-0.21,5.12],[-1.128,1.571],[0.812,0.678],[1.125,0.866],[1.483,1.216],[-2,4],[-3.014,-0.745],[-0.625,1.553],[-1.263,4.872],[-0.61,3.48],[-0.77,1.94],[-1,-7.5],[-0.88,1.58],[-1.63,0.81]],"v":[[23.54,76],[21.54,70],[11.54,72.5],[0.54,75],[3.54,57],[12.54,46],[19.54,25],[29.54,0],[63.54,0],[68.54,5],[73.54,25],[68.48,41.67],[67.977,44.219],[71.727,47.5],[75.852,51.375],[76.54,57],[66.915,57.375],[59.79,55.125],[58.54,59],[56.54,69],[55.54,76],[45.54,72.5],[32.54,75],[30.54,78]],"c":true}]},{"i":{"x":0.833,"y":0.833},"o":{"x":0.167,"y":0.167},"n":"0p833_0p833_0p167_0p167","t":64,"s":[{"i":[[1.56,2.49],[1.37,2.05],[1,-7.5],[1.2,3.29],[-3.5,6.14],[-2.91,4.16],[0,12],[0,0],[0,0],[-4,-5],[0.22,-5.12],[0.882,-1.228],[-0.156,-0.15],[-0.995,-0.766],[-1.688,-1.384],[2,-4],[3.25,0.803],[0.125,0.053],[0.812,-3.134],[0.62,-3.48],[0.78,-1.94],[1,6],[0,-11],[1.63,-0.81]],"o":[[-1.55,-2.49],[-1.37,-2.05],[-1,7.5],[-1.19,-3.29],[3.51,-6.14],[2.91,-4.16],[0,-12],[0,0],[0,0],[4,5],[-0.21,5.12],[-1.128,1.571],[0.812,0.678],[1.125,0.866],[1.483,1.216],[-2,4],[-3.014,-0.745],[-0.625,1.553],[-1.263,4.872],[-0.61,3.48],[-0.77,1.94],[-1,-7.5],[-0.88,1.58],[-1.63,0.81]],"v":[[23.54,76],[21.54,70],[11.54,72.5],[0.54,75],[3.54,57],[12.54,46],[19.54,25],[29.54,0],[63.54,0],[68.54,5],[73.54,25],[68.48,41.67],[67.977,44.219],[71.727,47.5],[75.852,51.375],[76.54,57],[66.915,57.375],[59.79,55.125],[58.54,59],[56.54,69],[55.54,76],[45.54,72.5],[32.54,75],[30.54,78]],"c":true}],"e":[{"i":[[1.56,2.49],[1.37,2.05],[1,-7.5],[1.2,3.29],[-3.5,6.14],[-2.91,4.16],[0,12],[0,0],[0,0],[-4,-5],[0.22,-5.12],[0.834,-1.262],[0,-0.725],[-0.625,-1.537],[-0.625,-2.35],[4.75,-2.787],[0.5,0.9],[0.312,-0.225],[0.688,-2.6],[0.62,-3.48],[0.78,-1.94],[1,6],[0,-11],[1.63,-0.81]],"o":[[-1.55,-2.49],[-1.37,-2.05],[-1,7.5],[-1.19,-3.29],[3.51,-6.14],[2.91,-4.16],[0,-12],[0,0],[0,0],[4,5],[-0.21,5.12],[-0.065,0.605],[0.016,0.306],[1.03,2.533],[0.397,1.494],[-4.005,2.35],[-0.375,-0.85],[-0.313,0.588],[-1.287,4.866],[-0.61,3.48],[-0.77,1.94],[-1,-7.5],[-0.88,1.58],[-1.63,0.81]],"v":[[23.54,76],[21.54,70],[11.54,72.5],[0.54,75],[3.54,57],[12.54,46],[19.54,25],[29.54,0],[63.54,0],[68.54,5],[73.54,25],[68.48,41.67],[68.227,43.875],[69.29,46.75],[72.29,55.062],[70.352,65.562],[61.102,56.25],[60.103,54.563],[58.54,59],[56.54,69],[55.54,76],[45.54,72.5],[32.54,75],[30.54,78]],"c":true}]},{"i":{"x":0.833,"y":0.833},"o":{"x":0.167,"y":0.167},"n":"0p833_0p833_0p167_0p167","t":68,"s":[{"i":[[1.56,2.49],[1.37,2.05],[1,-7.5],[1.2,3.29],[-3.5,6.14],[-2.91,4.16],[0,12],[0,0],[0,0],[-4,-5],[0.22,-5.12],[0.834,-1.262],[0,-0.725],[-0.625,-1.537],[-0.625,-2.35],[4.75,-2.787],[0.5,0.9],[0.312,-0.225],[0.688,-2.6],[0.62,-3.48],[0.78,-1.94],[1,6],[0,-11],[1.63,-0.81]],"o":[[-1.55,-2.49],[-1.37,-2.05],[-1,7.5],[-1.19,-3.29],[3.51,-6.14],[2.91,-4.16],[0,-12],[0,0],[0,0],[4,5],[-0.21,5.12],[-0.065,0.605],[0.016,0.306],[1.03,2.533],[0.397,1.494],[-4.005,2.35],[-0.375,-0.85],[-0.313,0.588],[-1.287,4.866],[-0.61,3.48],[-0.77,1.94],[-1,-7.5],[-0.88,1.58],[-1.63,0.81]],"v":[[23.54,76],[21.54,70],[11.54,72.5],[0.54,75],[3.54,57],[12.54,46],[19.54,25],[29.54,0],[63.54,0],[68.54,5],[73.54,25],[68.48,41.67],[68.227,43.875],[69.29,46.75],[72.29,55.062],[70.352,65.562],[61.102,56.25],[60.103,54.563],[58.54,59],[56.54,69],[55.54,76],[45.54,72.5],[32.54,75],[30.54,78]],"c":true}],"e":[{"i":[[1.56,2.49],[1.37,2.05],[1,-7.5],[1.2,3.29],[-3.5,6.14],[-2.91,4.16],[0,12],[0,0],[0,0],[-4,-5],[0.22,-5.12],[0.703,-1.339],[-0.203,-0.25],[-2,-1.453],[-1.438,-1.578],[2,-4],[2.875,0.905],[0.312,-0.328],[0.5,-1.703],[0.62,-3.48],[0.78,-1.94],[1,6],[0,-11],[1.63,-0.81]],"o":[[-1.55,-2.49],[-1.37,-2.05],[-1,7.5],[-1.19,-3.29],[3.51,-6.14],[2.91,-4.16],[0,-12],[0,0],[0,0],[4,5],[-0.21,5.12],[-0.69,1.314],[0.797,0.563],[0.75,0.422],[1.292,1.418],[-2,4],[-2.961,-0.932],[-0.562,1.297],[-1.418,4.829],[-0.61,3.48],[-0.77,1.94],[-1,-7.5],[-0.88,1.58],[-1.63,0.81]],"v":[[23.54,76],[21.54,70],[11.54,72.5],[0.54,75],[3.54,57],[12.54,46],[19.54,25],[29.54,0],[63.54,0],[68.54,5],[73.54,25],[68.48,41.67],[68.04,44],[72.727,47.375],[76.29,50.812],[76.54,57],[66.165,57.5],[59.915,55],[58.54,59],[56.54,69],[55.54,76],[45.54,72.5],[32.54,75],[30.54,78]],"c":true}]},{"i":{"x":0.833,"y":0.833},"o":{"x":0.167,"y":0.167},"n":"0p833_0p833_0p167_0p167","t":72,"s":[{"i":[[1.56,2.49],[1.37,2.05],[1,-7.5],[1.2,3.29],[-3.5,6.14],[-2.91,4.16],[0,12],[0,0],[0,0],[-4,-5],[0.22,-5.12],[0.703,-1.339],[-0.203,-0.25],[-2,-1.453],[-1.438,-1.578],[2,-4],[2.875,0.905],[0.312,-0.328],[0.5,-1.703],[0.62,-3.48],[0.78,-1.94],[1,6],[0,-11],[1.63,-0.81]],"o":[[-1.55,-2.49],[-1.37,-2.05],[-1,7.5],[-1.19,-3.29],[3.51,-6.14],[2.91,-4.16],[0,-12],[0,0],[0,0],[4,5],[-0.21,5.12],[-0.69,1.314],[0.797,0.563],[0.75,0.422],[1.292,1.418],[-2,4],[-2.961,-0.932],[-0.562,1.297],[-1.418,4.829],[-0.61,3.48],[-0.77,1.94],[-1,-7.5],[-0.88,1.58],[-1.63,0.81]],"v":[[23.54,76],[21.54,70],[11.54,72.5],[0.54,75],[3.54,57],[12.54,46],[19.54,25],[29.54,0],[63.54,0],[68.54,5],[73.54,25],[68.48,41.67],[68.04,44],[72.727,47.375],[76.29,50.812],[76.54,57],[66.165,57.5],[59.915,55],[58.54,59],[56.54,69],[55.54,76],[45.54,72.5],[32.54,75],[30.54,78]],"c":true}],"e":[{"i":[[1.56,2.49],[1.37,2.05],[1,-7.5],[1.2,3.29],[-3.5,6.14],[-2.91,4.16],[0,12],[0,0],[0,0],[-4,-5],[0.22,-5.12],[0.661,-1.36],[-0.125,-0.612],[-0.688,-1.424],[-0.444,-1.941],[3.375,-2.299],[1.062,1.763],[0.188,-0.549],[0.531,-2.487],[0.62,-3.48],[0.78,-1.94],[1,6],[0,-11],[1.63,-0.81]],"o":[[-1.55,-2.49],[-1.37,-2.05],[-1,7.5],[-1.19,-3.29],[3.51,-6.14],[2.91,-4.16],[0,-12],[0,0],[0,0],[4,5],[-0.21,5.12],[-0.378,0.906],[0.078,0.279],[1.479,3.063],[0.375,1.638],[-2.889,1.968],[-0.5,-0.737],[-0.312,0.826],[-1.051,4.922],[-0.61,3.48],[-0.77,1.94],[-1,-7.5],[-0.88,1.58],[-1.63,0.81]],"v":[[23.54,76],[21.54,70],[11.54,72.5],[0.54,75],[3.54,57],[12.54,46],[19.54,25],[29.54,0],[63.54,0],[68.54,5],[73.54,25],[68.48,41.67],[67.665,44.125],[69.79,47.938],[73.665,55.938],[70.977,63.312],[61.352,56.062],[59.977,54.375],[58.54,59],[56.54,69],[55.54,76],[45.54,72.5],[32.54,75],[30.54,78]],"c":true}]},{"i":{"x":0.833,"y":0.833},"o":{"x":0.167,"y":0.167},"n":"0p833_0p833_0p167_0p167","t":76,"s":[{"i":[[1.56,2.49],[1.37,2.05],[1,-7.5],[1.2,3.29],[-3.5,6.14],[-2.91,4.16],[0,12],[0,0],[0,0],[-4,-5],[0.22,-5.12],[0.661,-1.36],[-0.125,-0.612],[-0.688,-1.424],[-0.444,-1.941],[3.375,-2.299],[1.062,1.763],[0.188,-0.549],[0.531,-2.487],[0.62,-3.48],[0.78,-1.94],[1,6],[0,-11],[1.63,-0.81]],"o":[[-1.55,-2.49],[-1.37,-2.05],[-1,7.5],[-1.19,-3.29],[3.51,-6.14],[2.91,-4.16],[0,-12],[0,0],[0,0],[4,5],[-0.21,5.12],[-0.378,0.906],[0.078,0.279],[1.479,3.063],[0.375,1.638],[-2.889,1.968],[-0.5,-0.737],[-0.312,0.826],[-1.051,4.922],[-0.61,3.48],[-0.77,1.94],[-1,-7.5],[-0.88,1.58],[-1.63,0.81]],"v":[[23.54,76],[21.54,70],[11.54,72.5],[0.54,75],[3.54,57],[12.54,46],[19.54,25],[29.54,0],[63.54,0],[68.54,5],[73.54,25],[68.48,41.67],[67.665,44.125],[69.79,47.938],[73.665,55.938],[70.977,63.312],[61.352,56.062],[59.977,54.375],[58.54,59],[56.54,69],[55.54,76],[45.54,72.5],[32.54,75],[30.54,78]],"c":true}],"e":[{"i":[[1.56,2.49],[1.37,2.05],[1,-7.5],[1.2,3.29],[-3.5,6.14],[-2.91,4.16],[0,12],[0,0],[0,0],[-4,-5],[0.22,-5.12],[0.696,-1.342],[-0.031,-0.375],[-1.5,-1.125],[-1.438,-1.578],[1.812,-3.5],[2.875,0.905],[0.344,-0.797],[0.5,-1.562],[0.62,-3.48],[0.463,-2.039],[-0.25,10.375],[0,-11],[1.63,-0.81]],"o":[[-1.55,-2.49],[-1.37,-2.05],[-1,7.5],[-1.19,-3.29],[3.51,-6.14],[2.91,-4.16],[0,-12],[0,0],[0,0],[4,5],[-0.21,5.12],[-0.69,1.33],[0.078,0.469],[2.561,1.921],[1.292,1.418],[-2.057,3.971],[-2.961,-0.932],[-0.625,1.625],[-1.534,4.793],[-0.61,3.48],[-0.625,2.75],[-1,-7.5],[-0.88,1.58],[-1.63,0.81]],"v":[[23.54,76],[21.54,70],[11.54,72.5],[0.54,75],[3.54,57],[12.54,46],[19.54,25],[29.54,0],[63.54,0],[68.54,5],[73.54,25],[68.48,41.67],[67.665,44.312],[71.54,48],[76.54,52.125],[76.54,57],[66.54,57],[60.54,54.5],[58.54,59],[56.54,69],[55.54,76],[45.54,72.5],[32.54,75],[30.54,78]],"c":true}]},{"t":80.0000032584668}],"ix":2},"nm":"Path 1","mn":"ADBE Vector Shape - Group","hd":false},{"ty":"st","c":{"a":0,"k":[0.007996999659,0,0.362192004919,1],"ix":3},"o":{"a":0,"k":100,"ix":4},"w":{"a":0,"k":2.6,"ix":5},"lc":1,"lj":1,"ml":4,"nm":"Stroke 1","mn":"ADBE Vector Graphic - Stroke","hd":false},{"ty":"fl","c":{"a":0,"k":[1,1,1,1],"ix":4},"o":{"a":0,"k":100,"ix":5},"r":1,"nm":"Fill 1","mn":"ADBE Vector Graphic - Fill","hd":false},{"ty":"tr","p":{"a":0,"k":[0,0],"ix":2},"a":{"a":0,"k":[0,0],"ix":1},"s":{"a":0,"k":[100,100],"ix":3},"r":{"a":0,"k":0,"ix":6},"o":{"a":0,"k":100,"ix":7},"sk":{"a":0,"k":0,"ix":4},"sa":{"a":0,"k":0,"ix":5},"nm":"Transform"}],"nm":"Group 1","np":3,"cix":2,"ix":1,"mn":"ADBE Vector Group","hd":false}],"ip":0,"op":183.000007453743,"st":0,"bm":0},{"ddd":0,"ind":13,"ty":4,"nm":"Left hand","parent":8,"sr":1,"ks":{"o":{"a":0,"k":100,"ix":11},"r":{"a":1,"k":[{"i":{"x":[0.833],"y":[0.833]},"o":{"x":[0.167],"y":[0.167]},"n":["0p833_0p833_0p167_0p167"],"t":52,"s":[0],"e":[17]},{"i":{"x":[0.833],"y":[0.833]},"o":{"x":[0.167],"y":[0.167]},"n":["0p833_0p833_0p167_0p167"],"t":56,"s":[17],"e":[0]},{"i":{"x":[0.833],"y":[0.833]},"o":{"x":[0.167],"y":[0.167]},"n":["0p833_0p833_0p167_0p167"],"t":60,"s":[0],"e":[17]},{"i":{"x":[0.833],"y":[0.833]},"o":{"x":[0.167],"y":[0.167]},"n":["0p833_0p833_0p167_0p167"],"t":64,"s":[17],"e":[0]},{"i":{"x":[0.833],"y":[0.833]},"o":{"x":[0.167],"y":[0.167]},"n":["0p833_0p833_0p167_0p167"],"t":68,"s":[0],"e":[17]},{"i":{"x":[0.833],"y":[0.833]},"o":{"x":[0.167],"y":[0.167]},"n":["0p833_0p833_0p167_0p167"],"t":72,"s":[17],"e":[0]},{"t":76.0000030955435}],"ix":10},"p":{"a":1,"k":[{"i":{"x":0.833,"y":0.833},"o":{"x":0.167,"y":0.167},"n":"0p833_0p833_0p167_0p167","t":0,"s":[64,59,0],"e":[64,58.747,0],"to":[0,0,0],"ti":[0,0,0]},{"i":{"x":0.833,"y":0.833},"o":{"x":0.167,"y":0.167},"n":"0p833_0p833_0p167_0p167","t":14,"s":[64,58.747,0],"e":[64,56,0],"to":[0,0,0],"ti":[0,0,0]},{"i":{"x":0.833,"y":0.833},"o":{"x":0.167,"y":0.167},"n":"0p833_0p833_0p167_0p167","t":24,"s":[64,56,0],"e":[64,56.541,0],"to":[0,0,0],"ti":[0,0,0]},{"i":{"x":0.833,"y":0.833},"o":{"x":0.167,"y":0.167},"n":"0p833_0p833_0p167_0p167","t":41,"s":[64,56.541,0],"e":[64,54.125,0],"to":[0,0,0],"ti":[0,0,0]},{"i":{"x":0.833,"y":0.833},"o":{"x":0.167,"y":0.167},"n":"0p833_0p833_0p167_0p167","t":51,"s":[64,54.125,0],"e":[64,54.225,0],"to":[0,0,0],"ti":[0,0,0]},{"i":{"x":0.833,"y":0.833},"o":{"x":0.167,"y":0.167},"n":"0p833_0p833_0p167_0p167","t":68,"s":[64,54.225,0],"e":[64,56,0],"to":[0,0,0],"ti":[0,0,0]},{"i":{"x":0.833,"y":0.833},"o":{"x":0.167,"y":0.167},"n":"0p833_0p833_0p167_0p167","t":77,"s":[64,56,0],"e":[64,56,0],"to":[0,0,0],"ti":[0,0,0]},{"i":{"x":0.833,"y":0.833},"o":{"x":0.167,"y":0.167},"n":"0p833_0p833_0p167_0p167","t":93,"s":[64,56,0],"e":[64,59,0],"to":[0,0,0],"ti":[0,0,0]},{"t":102.000004154545}],"ix":2},"a":{"a":0,"k":[0,0,0],"ix":1},"s":{"a":0,"k":[100,100,100],"ix":6}},"ao":0,"shapes":[{"ty":"gr","it":[{"ind":0,"ty":"sh","ix":1,"ks":{"a":0,"k":{"i":[[0,0],[-1.25,-1.59],[0.28,-0.84],[2,0],[0,0],[0,0]],"o":[[0,0],[1.25,1.59],[-0.28,0.84],[-2,0],[0,0],[0,0]],"v":[[8,0],[19,10],[19,14],[16,16],[0,8.5],[6,2]],"c":true},"ix":2},"nm":"Path 1","mn":"ADBE Vector Shape - Group","hd":false},{"ty":"st","c":{"a":0,"k":[0.007842999883,0,0.360783994198,1],"ix":3},"o":{"a":0,"k":100,"ix":4},"w":{"a":0,"k":2.6,"ix":5},"lc":1,"lj":1,"ml":4,"nm":"Stroke 1","mn":"ADBE Vector Graphic - Stroke","hd":false},{"ty":"fl","c":{"a":0,"k":[1,1,1,1],"ix":4},"o":{"a":0,"k":100,"ix":5},"r":1,"nm":"Fill 1","mn":"ADBE Vector Graphic - Fill","hd":false},{"ty":"tr","p":{"a":0,"k":[0,0],"ix":2},"a":{"a":0,"k":[0,0],"ix":1},"s":{"a":0,"k":[100,100],"ix":3},"r":{"a":0,"k":0,"ix":6},"o":{"a":0,"k":100,"ix":7},"sk":{"a":0,"k":0,"ix":4},"sa":{"a":0,"k":0,"ix":5},"nm":"Transform"}],"nm":"Group 1","np":3,"cix":2,"ix":1,"mn":"ADBE Vector Group","hd":false}],"ip":0,"op":183.000007453743,"st":0,"bm":0},{"ddd":0,"ind":14,"ty":1,"nm":"White Solid 1","sr":1,"ks":{"o":{"a":0,"k":100,"ix":11},"r":{"a":0,"k":0,"ix":10},"p":{"a":0,"k":[169.5,136.5,0],"ix":2},"a":{"a":0,"k":[169.5,136.5,0],"ix":1},"s":{"a":0,"k":[100,100,100],"ix":6}},"ao":0,"sw":339,"sh":273,"sc":"#ffffff","ip":0,"op":183.000007453743,"st":0,"bm":0}]}