{"v":"4.11.0","fr":29.9700012207031,"ip":0,"op":51.0000020772726,"w":700,"h":700,"nm":"id-card","ddd":0,"assets":[],"layers":[{"ddd":0,"ind":2,"ty":4,"nm":"Layer 3 Outlines","sr":1,"ks":{"o":{"a":0,"k":100,"ix":11},"r":{"a":0,"k":0,"ix":10},"p":{"a":1,"k":[{"i":{"x":0,"y":1},"o":{"x":0.333,"y":0},"n":"0_1_0p333_0","t":0,"s":[223.573,509.21,0],"e":[253.573,427.21,0],"to":[5,-13.6666669845581,0],"ti":[-5,13.6666669845581,0]},{"i":{"x":0,"y":0},"o":{"x":0.333,"y":0.333},"n":"0_0_0p333_0p333","t":13,"s":[253.573,427.21,0],"e":[253.573,427.21,0],"to":[0,0,0],"ti":[0,0,0]},{"i":{"x":0,"y":1},"o":{"x":0.333,"y":0},"n":"0_1_0p333_0","t":17,"s":[253.573,427.21,0],"e":[335.573,508.21,0],"to":[13.6666669845581,13.5,0],"ti":[-13.6666669845581,-13.5,0]},{"i":{"x":0,"y":0},"o":{"x":0.333,"y":0.333},"n":"0_0_0p333_0p333","t":30,"s":[335.573,508.21,0],"e":[335.573,508.21,0],"to":[0,0,0],"ti":[0,0,0]},{"i":{"x":0,"y":1},"o":{"x":0.333,"y":0},"n":"0_1_0p333_0","t":34,"s":[335.573,508.21,0],"e":[223.573,509.21,0],"to":[-18.6666660308838,0.16666667163372,0],"ti":[18.6666660308838,-0.16666667163372,0]},{"t":47.0000019143492}],"ix":2},"a":{"a":0,"k":[115.582,114.436,0],"ix":1},"s":{"a":0,"k":[100,100,100],"ix":6}},"ao":0,"shapes":[{"ty":"gr","it":[{"ind":0,"ty":"sh","ix":1,"ks":{"a":0,"k":{"i":[[21.292,21.257],[2.819,-2.792],[-2.783,-2.792],[15.681,-15.682],[-2.819,-2.792],[-1.847,0],[-1.427,1.392]],"o":[[-2.792,-2.792],[-2.783,2.783],[15.717,15.682],[-2.819,2.783],[1.391,1.392],[1.819,0],[21.256,-21.257]],"v":[[70.767,-70.665],[60.661,-70.665],[60.661,-60.558],[60.697,-3.692],[60.697,6.413],[65.746,8.501],[70.803,6.413]],"c":true},"ix":2},"nm":"Path 1","mn":"ADBE Vector Shape - Group","hd":false},{"ind":1,"ty":"sh","ix":2,"ks":{"a":0,"k":{"i":[[37.42,0],[0,37.394],[-37.419,0],[0,-37.384]],"o":[[-37.383,0],[0,-37.384],[37.42,0],[0,37.394]],"v":[[33.169,35.68],[-34.668,-32.13],[33.169,-99.895],[101.042,-32.13]],"c":true},"ix":2},"nm":"Path 2","mn":"ADBE Vector Shape - Group","hd":false},{"ind":2,"ty":"sh","ix":3,"ks":{"a":0,"k":{"i":[[0,0],[1.115,0],[1.811,1.81],[0,1.115],[-1.811,1.811],[0,0],[-3.657,-3.068]],"o":[[-1.811,1.81],[-1.115,0],[-1.811,-1.811],[0,-1.079],[0,0],[3.068,3.666],[0,0]],"v":[[-86.76,97.809],[-91.818,99.896],[-96.867,97.809],[-98.954,92.751],[-96.867,87.738],[-29.69,20.588],[-19.584,30.693]],"c":true},"ix":2},"nm":"Path 3","mn":"ADBE Vector Shape - Group","hd":false},{"ind":3,"ty":"sh","ix":4,"ks":{"a":0,"k":{"i":[[45.297,0],[4.925,-40.589],[0,-3.362],[-6.94,-12.052],[0,0],[-8.359,-8.358],[-5.504,0],[-4.184,4.184],[0,0],[-14.879,0],[0,45.261]],"o":[[-41.898,0],[-0.395,3.257],[0,14.879],[0,0],[-8.359,8.358],[4.183,4.184],[5.477,0],[0,0],[12.025,6.931],[45.332,0],[0,-45.26]],"v":[[33.169,-114.186],[-48.358,-42.064],[-48.957,-32.13],[-37.977,8.707],[-106.973,77.632],[-106.973,107.906],[-91.818,114.186],[-76.654,107.906],[-7.667,38.99],[33.169,49.925],[115.332,-32.13]],"c":true},"ix":2},"nm":"Path 4","mn":"ADBE Vector Shape - Group","hd":false},{"ty":"mm","mm":1,"nm":"Merge Paths 1","mn":"ADBE Vector Filter - Merge","hd":false},{"ty":"gr","it":[{"ind":0,"ty":"sh","ix":1,"ks":{"a":0,"k":{"i":[[0,0],[0,0],[0,0],[0,0]],"o":[[0,0],[0,0],[0,0],[0,0]],"v":[[-654.573,429.79],[1265.427,429.79],[1265.427,-650.21],[-654.573,-650.21]],"c":true},"ix":2},"nm":"Path 1","mn":"ADBE Vector Shape - Group","hd":false},{"ind":1,"ty":"sh","ix":2,"ks":{"a":0,"k":{"i":[[0,0],[0,0],[0,0],[0,0]],"o":[[0,0],[0,0],[0,0],[0,0]],"v":[[-654.573,-650.21],[1265.427,-650.21],[1265.427,429.79],[-654.573,429.79]],"c":true},"ix":2},"nm":"Path 2","mn":"ADBE Vector Shape - Group","hd":false},{"ty":"tr","p":{"a":0,"k":[0,0],"ix":2},"a":{"a":0,"k":[0,0],"ix":1},"s":{"a":0,"k":[100,100],"ix":3},"r":{"a":0,"k":0,"ix":6},"o":{"a":0,"k":100,"ix":7},"sk":{"a":0,"k":0,"ix":4},"sa":{"a":0,"k":0,"ix":5},"nm":"Transform"}],"nm":"Group 1","np":2,"cix":2,"ix":6,"mn":"ADBE Vector Group","hd":false},{"ty":"mm","mm":4,"nm":"Merge Paths 2","mn":"ADBE Vector Filter - Merge","hd":false},{"ty":"fl","c":{"a":0,"k":[0.426252567067,0.426252567067,0.426252567067,1],"ix":4},"o":{"a":0,"k":100,"ix":5},"r":1,"nm":"Fill 1","mn":"ADBE Vector Graphic - Fill","hd":false},{"ty":"tr","p":{"a":0,"k":[115.582,114.436],"ix":2},"a":{"a":0,"k":[0,0],"ix":1},"s":{"a":0,"k":[100,100],"ix":3},"r":{"a":0,"k":0,"ix":6},"o":{"a":0,"k":100,"ix":7},"sk":{"a":0,"k":0,"ix":4},"sa":{"a":0,"k":0,"ix":5},"nm":"Transform"}],"nm":"Group 1","np":8,"cix":2,"ix":1,"mn":"ADBE Vector Group","hd":false}],"ip":0,"op":1798.00007323404,"st":0,"bm":0},{"ddd":0,"ind":3,"ty":4,"nm":"Shape Layer 1","parent":2,"sr":1,"ks":{"o":{"a":0,"k":100,"ix":11},"r":{"a":0,"k":0,"ix":10},"p":{"a":0,"k":[242.009,-44.775,0],"ix":2},"a":{"a":0,"k":[0,0,0],"ix":1},"s":{"a":0,"k":[100,100,100],"ix":6}},"ao":0,"shapes":[{"ty":"gr","it":[{"ind":0,"ty":"sh","ix":1,"ks":{"a":0,"k":{"i":[[0,0],[0,0],[0,0],[0,0],[0,0]],"o":[[0,0],[0,0],[0,0],[0,0],[0,0]],"v":[[-156,170],[-235,246],[-231,262],[-214,266],[-136,191]],"c":true},"ix":2},"nm":"Path 1","mn":"ADBE Vector Shape - Group","hd":false},{"ty":"fl","c":{"a":0,"k":[0.827450980392,0.827450980392,0.827450980392,1],"ix":4},"o":{"a":0,"k":100,"ix":5},"r":1,"nm":"Fill 1","mn":"ADBE Vector Graphic - Fill","hd":false},{"ty":"tr","p":{"a":0,"k":[0,0],"ix":2},"a":{"a":0,"k":[0,0],"ix":1},"s":{"a":0,"k":[100,100],"ix":3},"r":{"a":0,"k":0,"ix":6},"o":{"a":0,"k":100,"ix":7},"sk":{"a":0,"k":0,"ix":4},"sa":{"a":0,"k":0,"ix":5},"nm":"Transform"}],"nm":"Shape 1","np":3,"cix":2,"ix":1,"mn":"ADBE Vector Group","hd":false}],"ip":0,"op":1798.00007323404,"st":0,"bm":0},{"ddd":0,"ind":4,"ty":4,"nm":"Layer 4 Outlines","parent":2,"sr":1,"ks":{"o":{"a":0,"k":80,"ix":11},"r":{"a":0,"k":0,"ix":10},"p":{"a":0,"k":[149.849,83,0],"ix":2},"a":{"a":0,"k":[70.877,70.877,0],"ix":1},"s":{"a":0,"k":[100,100,100],"ix":6}},"ao":0,"shapes":[{"ty":"gr","it":[{"ind":0,"ty":"sh","ix":1,"ks":{"a":0,"k":{"i":[[0,-39.145],[39.144,0],[0,39.145],[-39.144,0]],"o":[[0,39.145],[-39.144,0],[0,-39.145],[39.144,0]],"v":[[70.877,0],[0,70.877],[-70.877,0],[0,-70.877]],"c":true},"ix":2},"nm":"Path 1","mn":"ADBE Vector Shape - Group","hd":false},{"ty":"mm","mm":4,"nm":"Merge Paths 1","mn":"ADBE Vector Filter - Merge","hd":false},{"ty":"fl","c":{"a":0,"k":[0.999999940162,0.999999940162,1,1],"ix":4},"o":{"a":0,"k":100,"ix":5},"r":1,"nm":"Fill 1","mn":"ADBE Vector Graphic - Fill","hd":false},{"ty":"tr","p":{"a":0,"k":[70.877,70.877],"ix":2},"a":{"a":0,"k":[0,0],"ix":1},"s":{"a":0,"k":[100,100],"ix":3},"r":{"a":0,"k":0,"ix":6},"o":{"a":0,"k":100,"ix":7},"sk":{"a":0,"k":0,"ix":4},"sa":{"a":0,"k":0,"ix":5},"nm":"Transform"}],"nm":"Group 1","np":3,"cix":2,"ix":1,"mn":"ADBE Vector Group","hd":false}],"ip":0,"op":1798.00007323404,"st":0,"bm":0},{"ddd":0,"ind":5,"ty":4,"nm":"Layer 1 Outlines","sr":1,"ks":{"o":{"a":0,"k":100,"ix":11},"r":{"a":0,"k":0,"ix":10},"p":{"a":0,"k":[350.248,346.527,0],"ix":2},"a":{"a":0,"k":[141.746,212.993,0],"ix":1},"s":{"a":0,"k":[100,100,100],"ix":6}},"ao":0,"shapes":[{"ty":"gr","it":[{"ind":0,"ty":"sh","ix":1,"ks":{"a":0,"k":{"i":[[3.909,0],[0,0],[0,-3.9],[-3.944,0],[0,0],[0,3.899]],"o":[[0,0],[-3.944,0],[0,3.899],[0,0],[3.909,0],[0,-3.9]],"v":[[7.061,-7.084],[-7.061,-7.084],[-14.145,0.001],[-7.061,7.084],[7.061,7.084],[14.145,0.001]],"c":true},"ix":2},"nm":"Path 1","mn":"ADBE Vector Shape - Group","hd":false},{"ty":"gr","it":[{"ind":0,"ty":"sh","ix":1,"ks":{"a":0,"k":{"i":[[0,0],[0,0],[0,0],[0,0]],"o":[[0,0],[0,0],[0,0],[0,0]],"v":[[-1016.851,373.187],[903.149,373.187],[903.149,-706.813],[-1016.851,-706.813]],"c":true},"ix":2},"nm":"Path 1","mn":"ADBE Vector Shape - Group","hd":false},{"ind":1,"ty":"sh","ix":2,"ks":{"a":0,"k":{"i":[[0,0],[0,0],[0,0],[0,0]],"o":[[0,0],[0,0],[0,0],[0,0]],"v":[[-1016.851,-706.813],[903.149,-706.813],[903.149,373.187],[-1016.851,373.187]],"c":true},"ix":2},"nm":"Path 2","mn":"ADBE Vector Shape - Group","hd":false},{"ty":"tr","p":{"a":0,"k":[0,0],"ix":2},"a":{"a":0,"k":[0,0],"ix":1},"s":{"a":0,"k":[100,100],"ix":3},"r":{"a":0,"k":0,"ix":6},"o":{"a":0,"k":100,"ix":7},"sk":{"a":0,"k":0,"ix":4},"sa":{"a":0,"k":0,"ix":5},"nm":"Transform"}],"nm":"Group 1","np":2,"cix":2,"ix":2,"mn":"ADBE Vector Group","hd":false},{"ty":"mm","mm":4,"nm":"Merge Paths 1","mn":"ADBE Vector Filter - Merge","hd":false},{"ty":"fl","c":{"a":0,"k":[0,0,0,1],"ix":4},"o":{"a":0,"k":100,"ix":5},"r":1,"nm":"Fill 1","mn":"ADBE Vector Graphic - Fill","hd":false},{"ty":"tr","p":{"a":0,"k":[198.349,383.28],"ix":2},"a":{"a":0,"k":[0,0],"ix":1},"s":{"a":0,"k":[100,100],"ix":3},"r":{"a":0,"k":0,"ix":6},"o":{"a":0,"k":100,"ix":7},"sk":{"a":0,"k":0,"ix":4},"sa":{"a":0,"k":0,"ix":5},"nm":"Transform"}],"nm":"Group 1","np":4,"cix":2,"ix":1,"mn":"ADBE Vector Group","hd":false},{"ty":"gr","it":[{"ind":0,"ty":"sh","ix":1,"ks":{"a":0,"k":{"i":[[3.944,0],[0,0],[0,-3.9],[-3.944,0],[0,0],[0,3.899]],"o":[[0,0],[-3.944,0],[0,3.899],[0,0],[3.944,0],[0,-3.9]],"v":[[3.52,-7.084],[-3.519,-7.084],[-10.604,0.001],[-3.519,7.084],[3.52,7.084],[10.604,0.001]],"c":true},"ix":2},"nm":"Path 1","mn":"ADBE Vector Shape - Group","hd":false},{"ty":"gr","it":[{"ind":0,"ty":"sh","ix":1,"ks":{"a":0,"k":{"i":[[0,0],[0,0],[0,0],[0,0]],"o":[[0,0],[0,0],[0,0],[0,0]],"v":[[-977.936,373.187],[942.064,373.187],[942.064,-706.813],[-977.936,-706.813]],"c":true},"ix":2},"nm":"Path 1","mn":"ADBE Vector Shape - Group","hd":false},{"ind":1,"ty":"sh","ix":2,"ks":{"a":0,"k":{"i":[[0,0],[0,0],[0,0],[0,0]],"o":[[0,0],[0,0],[0,0],[0,0]],"v":[[-977.936,-706.813],[942.064,-706.813],[942.064,373.187],[-977.936,373.187]],"c":true},"ix":2},"nm":"Path 2","mn":"ADBE Vector Shape - Group","hd":false},{"ty":"tr","p":{"a":0,"k":[0,0],"ix":2},"a":{"a":0,"k":[0,0],"ix":1},"s":{"a":0,"k":[100,100],"ix":3},"r":{"a":0,"k":0,"ix":6},"o":{"a":0,"k":100,"ix":7},"sk":{"a":0,"k":0,"ix":4},"sa":{"a":0,"k":0,"ix":5},"nm":"Transform"}],"nm":"Group 1","np":2,"cix":2,"ix":2,"mn":"ADBE Vector Group","hd":false},{"ty":"mm","mm":4,"nm":"Merge Paths 1","mn":"ADBE Vector Filter - Merge","hd":false},{"ty":"fl","c":{"a":0,"k":[0.426252567067,0.426252567067,0.426252567067,1],"ix":4},"o":{"a":0,"k":100,"ix":5},"r":1,"nm":"Fill 1","mn":"ADBE Vector Graphic - Fill","hd":false},{"ty":"tr","p":{"a":0,"k":[159.433,383.28],"ix":2},"a":{"a":0,"k":[0,0],"ix":1},"s":{"a":0,"k":[100,100],"ix":3},"r":{"a":0,"k":0,"ix":6},"o":{"a":0,"k":100,"ix":7},"sk":{"a":0,"k":0,"ix":4},"sa":{"a":0,"k":0,"ix":5},"nm":"Transform"}],"nm":"Group 2","np":4,"cix":2,"ix":2,"mn":"ADBE Vector Group","hd":false},{"ty":"gr","it":[{"ind":0,"ty":"sh","ix":1,"ks":{"a":0,"k":{"i":[[3.944,0],[0,0],[0,-3.9],[-3.909,0],[0,0],[0,3.899]],"o":[[0,0],[-3.909,0],[0,3.899],[0,0],[3.944,0],[0,-3.9]],"v":[[7.062,-7.084],[-7.062,-7.084],[-14.146,0.001],[-7.062,7.084],[7.062,7.084],[14.146,0.001]],"c":true},"ix":2},"nm":"Path 1","mn":"ADBE Vector Shape - Group","hd":false},{"ty":"gr","it":[{"ind":0,"ty":"sh","ix":1,"ks":{"a":0,"k":{"i":[[0,0],[0,0],[0,0],[0,0]],"o":[[0,0],[0,0],[0,0],[0,0]],"v":[[-939.02,373.187],[980.98,373.187],[980.98,-706.813],[-939.02,-706.813]],"c":true},"ix":2},"nm":"Path 1","mn":"ADBE Vector Shape - Group","hd":false},{"ind":1,"ty":"sh","ix":2,"ks":{"a":0,"k":{"i":[[0,0],[0,0],[0,0],[0,0]],"o":[[0,0],[0,0],[0,0],[0,0]],"v":[[-939.02,-706.813],[980.98,-706.813],[980.98,373.187],[-939.02,373.187]],"c":true},"ix":2},"nm":"Path 2","mn":"ADBE Vector Shape - Group","hd":false},{"ty":"tr","p":{"a":0,"k":[0,0],"ix":2},"a":{"a":0,"k":[0,0],"ix":1},"s":{"a":0,"k":[100,100],"ix":3},"r":{"a":0,"k":0,"ix":6},"o":{"a":0,"k":100,"ix":7},"sk":{"a":0,"k":0,"ix":4},"sa":{"a":0,"k":0,"ix":5},"nm":"Transform"}],"nm":"Group 1","np":2,"cix":2,"ix":2,"mn":"ADBE Vector Group","hd":false},{"ty":"mm","mm":4,"nm":"Merge Paths 1","mn":"ADBE Vector Filter - Merge","hd":false},{"ty":"fl","c":{"a":0,"k":[0.426252567067,0.426252567067,0.426252567067,1],"ix":4},"o":{"a":0,"k":100,"ix":5},"r":1,"nm":"Fill 1","mn":"ADBE Vector Graphic - Fill","hd":false},{"ty":"tr","p":{"a":0,"k":[120.518,383.28],"ix":2},"a":{"a":0,"k":[0,0],"ix":1},"s":{"a":0,"k":[100,100],"ix":3},"r":{"a":0,"k":0,"ix":6},"o":{"a":0,"k":100,"ix":7},"sk":{"a":0,"k":0,"ix":4},"sa":{"a":0,"k":0,"ix":5},"nm":"Transform"}],"nm":"Group 3","np":4,"cix":2,"ix":3,"mn":"ADBE Vector Group","hd":false},{"ty":"gr","it":[{"ind":0,"ty":"sh","ix":1,"ks":{"a":0,"k":{"i":[[3.9,0],[0,0],[0,-3.9],[-3.909,0],[0,0],[0,3.899]],"o":[[0,0],[-3.909,0],[0,3.899],[0,0],[3.9,0],[0,-3.9]],"v":[[3.564,-7.084],[-3.519,-7.084],[-10.604,0.001],[-3.519,7.084],[3.564,7.084],[10.604,0.001]],"c":true},"ix":2},"nm":"Path 1","mn":"ADBE Vector Shape - Group","hd":false},{"ty":"gr","it":[{"ind":0,"ty":"sh","ix":1,"ks":{"a":0,"k":{"i":[[0,0],[0,0],[0,0],[0,0]],"o":[[0,0],[0,0],[0,0],[0,0]],"v":[[-900.104,373.187],[1019.896,373.187],[1019.896,-706.813],[-900.104,-706.813]],"c":true},"ix":2},"nm":"Path 1","mn":"ADBE Vector Shape - Group","hd":false},{"ind":1,"ty":"sh","ix":2,"ks":{"a":0,"k":{"i":[[0,0],[0,0],[0,0],[0,0]],"o":[[0,0],[0,0],[0,0],[0,0]],"v":[[-900.104,-706.813],[1019.896,-706.813],[1019.896,373.187],[-900.104,373.187]],"c":true},"ix":2},"nm":"Path 2","mn":"ADBE Vector Shape - Group","hd":false},{"ty":"tr","p":{"a":0,"k":[0,0],"ix":2},"a":{"a":0,"k":[0,0],"ix":1},"s":{"a":0,"k":[100,100],"ix":3},"r":{"a":0,"k":0,"ix":6},"o":{"a":0,"k":100,"ix":7},"sk":{"a":0,"k":0,"ix":4},"sa":{"a":0,"k":0,"ix":5},"nm":"Transform"}],"nm":"Group 1","np":2,"cix":2,"ix":2,"mn":"ADBE Vector Group","hd":false},{"ty":"mm","mm":4,"nm":"Merge Paths 1","mn":"ADBE Vector Filter - Merge","hd":false},{"ty":"fl","c":{"a":0,"k":[0.426252567067,0.426252567067,0.426252567067,1],"ix":4},"o":{"a":0,"k":100,"ix":5},"r":1,"nm":"Fill 1","mn":"ADBE Vector Graphic - Fill","hd":false},{"ty":"tr","p":{"a":0,"k":[81.602,383.28],"ix":2},"a":{"a":0,"k":[0,0],"ix":1},"s":{"a":0,"k":[100,100],"ix":3},"r":{"a":0,"k":0,"ix":6},"o":{"a":0,"k":100,"ix":7},"sk":{"a":0,"k":0,"ix":4},"sa":{"a":0,"k":0,"ix":5},"nm":"Transform"}],"nm":"Group 4","np":4,"cix":2,"ix":4,"mn":"ADBE Vector Group","hd":false},{"ty":"gr","it":[{"ind":0,"ty":"sh","ix":1,"ks":{"a":0,"k":{"i":[[-3.9,0],[0,0],[0,3.9],[3.9,0],[0,0],[0,-3.944]],"o":[[0,0],[3.9,0],[0,-3.944],[0,0],[-3.9,0],[0,3.9]],"v":[[-35.374,7.062],[35.374,7.062],[42.458,0.022],[35.374,-7.062],[-35.374,-7.062],[-42.458,0.022]],"c":true},"ix":2},"nm":"Path 1","mn":"ADBE Vector Shape - Group","hd":false},{"ty":"gr","it":[{"ind":0,"ty":"sh","ix":1,"ks":{"a":0,"k":{"i":[[0,0],[0,0],[0,0],[0,0]],"o":[[0,0],[0,0],[0,0],[0,0]],"v":[[-960.248,429.789],[959.752,429.789],[959.752,-650.211],[-960.248,-650.211]],"c":true},"ix":2},"nm":"Path 1","mn":"ADBE Vector Shape - Group","hd":false},{"ind":1,"ty":"sh","ix":2,"ks":{"a":0,"k":{"i":[[0,0],[0,0],[0,0],[0,0]],"o":[[0,0],[0,0],[0,0],[0,0]],"v":[[-960.248,-650.211],[959.752,-650.211],[959.752,429.789],[-960.248,429.789]],"c":true},"ix":2},"nm":"Path 2","mn":"ADBE Vector Shape - Group","hd":false},{"ty":"tr","p":{"a":0,"k":[0,0],"ix":2},"a":{"a":0,"k":[0,0],"ix":1},"s":{"a":0,"k":[100,100],"ix":3},"r":{"a":0,"k":0,"ix":6},"o":{"a":0,"k":100,"ix":7},"sk":{"a":0,"k":0,"ix":4},"sa":{"a":0,"k":0,"ix":5},"nm":"Transform"}],"nm":"Group 1","np":2,"cix":2,"ix":2,"mn":"ADBE Vector Group","hd":false},{"ty":"mm","mm":4,"nm":"Merge Paths 1","mn":"ADBE Vector Filter - Merge","hd":false},{"ty":"fl","c":{"a":0,"k":[0.426252567067,0.426252567067,0.426252567067,1],"ix":4},"o":{"a":0,"k":100,"ix":5},"r":1,"nm":"Fill 1","mn":"ADBE Vector Graphic - Fill","hd":false},{"ty":"tr","p":{"a":0,"k":[141.746,326.677],"ix":2},"a":{"a":0,"k":[0,0],"ix":1},"s":{"a":0,"k":[100,100],"ix":3},"r":{"a":0,"k":0,"ix":6},"o":{"a":0,"k":100,"ix":7},"sk":{"a":0,"k":0,"ix":4},"sa":{"a":0,"k":0,"ix":5},"nm":"Transform"}],"nm":"Group 5","np":4,"cix":2,"ix":5,"mn":"ADBE Vector Group","hd":false},{"ty":"gr","it":[{"ind":0,"ty":"sh","ix":1,"ks":{"a":0,"k":{"i":[[3.909,0],[0,0],[0,-3.908],[-3.909,0],[0,0],[0,3.9]],"o":[[0,0],[-3.909,0],[0,3.9],[0,0],[3.909,0],[0,-3.908]],"v":[[63.664,-7.084],[-63.664,-7.084],[-70.748,-0.001],[-63.664,7.084],[63.664,7.084],[70.748,-0.001]],"c":true},"ix":2},"nm":"Path 1","mn":"ADBE Vector Shape - Group","hd":false},{"ty":"gr","it":[{"ind":0,"ty":"sh","ix":1,"ks":{"a":0,"k":{"i":[[0,0],[0,0],[0,0],[0,0]],"o":[[0,0],[0,0],[0,0],[0,0]],"v":[[-960.248,401.477],[959.752,401.477],[959.752,-678.523],[-960.248,-678.523]],"c":true},"ix":2},"nm":"Path 1","mn":"ADBE Vector Shape - Group","hd":false},{"ind":1,"ty":"sh","ix":2,"ks":{"a":0,"k":{"i":[[0,0],[0,0],[0,0],[0,0]],"o":[[0,0],[0,0],[0,0],[0,0]],"v":[[-960.248,-678.523],[959.752,-678.523],[959.752,401.477],[-960.248,401.477]],"c":true},"ix":2},"nm":"Path 2","mn":"ADBE Vector Shape - Group","hd":false},{"ty":"tr","p":{"a":0,"k":[0,0],"ix":2},"a":{"a":0,"k":[0,0],"ix":1},"s":{"a":0,"k":[100,100],"ix":3},"r":{"a":0,"k":0,"ix":6},"o":{"a":0,"k":100,"ix":7},"sk":{"a":0,"k":0,"ix":4},"sa":{"a":0,"k":0,"ix":5},"nm":"Transform"}],"nm":"Group 1","np":2,"cix":2,"ix":2,"mn":"ADBE Vector Group","hd":false},{"ty":"mm","mm":4,"nm":"Merge Paths 1","mn":"ADBE Vector Filter - Merge","hd":false},{"ty":"fl","c":{"a":0,"k":[0.426252567067,0.426252567067,0.426252567067,1],"ix":4},"o":{"a":0,"k":100,"ix":5},"r":1,"nm":"Fill 1","mn":"ADBE Vector Graphic - Fill","hd":false},{"ty":"tr","p":{"a":0,"k":[141.746,354.99],"ix":2},"a":{"a":0,"k":[0,0],"ix":1},"s":{"a":0,"k":[100,100],"ix":3},"r":{"a":0,"k":0,"ix":6},"o":{"a":0,"k":100,"ix":7},"sk":{"a":0,"k":0,"ix":4},"sa":{"a":0,"k":0,"ix":5},"nm":"Transform"}],"nm":"Group 6","np":4,"cix":2,"ix":6,"mn":"ADBE Vector Group","hd":false},{"ty":"gr","it":[{"ind":0,"ty":"sh","ix":1,"ks":{"a":0,"k":{"i":[[3.899,0],[0,0],[0,3.909],[0,0],[0,0],[0,0]],"o":[[0,0],[-3.9,0],[0,0],[0,0],[0,0],[0,3.909]],"v":[[120.29,198.577],[-120.289,198.577],[-127.328,191.493],[-127.328,85.371],[127.329,85.371],[127.329,191.493]],"c":true},"ix":2},"nm":"Path 1","mn":"ADBE Vector Shape - Group","hd":false},{"ind":1,"ty":"sh","ix":2,"ks":{"a":0,"k":{"i":[[0,0],[0,4.767],[0,0],[0,0],[3.626,13.539],[0,0],[0,0],[0,3.042],[0,0],[-2.352,1.247],[0,0],[0,0],[-2.21,5.421],[-0.663,1.415],[0.627,5.457],[-10.842,0.831],[-1.141,0],[-2.52,-21.526],[0,0],[0,0],[0,-2.555],[0,0],[2.972,-0.893],[0,0],[0,0],[10.744,-4.625],[0,0],[0,0],[-4.209,-2.14],[0,0],[-1.556,-2.9],[0,0],[-2.865,1.557]],"o":[[4.253,-2.07],[0,0],[0,0],[-10.745,-4.625],[0,0],[0,0],[-2.971,-0.893],[0,0],[0,-2.555],[0,0],[0,0],[0.69,-6.633],[0.929,-2.281],[2.415,-5.147],[8.33,4.767],[1.07,-0.071],[26.495,0],[0,0],[0,0],[2.388,1.282],[0,0],[0,3.042],[0,0],[0,0],[-3.626,13.539],[0,0],[0,0],[0,4.732],[0,0],[3.033,1.522],[0,0],[1.389,-2.971],[0,0]],"v":[[-21.144,50.793],[-14.167,39.536],[-14.167,26.783],[-18.412,24.952],[-39.76,-2.02],[-40.759,-5.787],[-44.492,-6.964],[-49.541,-13.667],[-49.541,-20.751],[-45.703,-26.933],[-42.387,-28.692],[-41.971,-32.459],[-37.585,-50.624],[-35.197,-56.054],[-32.543,-69.319],[-3.351,-63.376],[0,-63.509],[41.936,-32.389],[42.387,-28.692],[45.668,-26.967],[49.542,-20.751],[49.542,-13.667],[44.492,-6.964],[40.76,-5.787],[39.761,-2.02],[18.413,24.952],[14.168,26.783],[14.168,39.606],[20.968,50.757],[47.676,64.402],[54.688,71.248],[-54.998,71.248],[-48.436,64.235]],"c":true},"ix":2},"nm":"Path 2","mn":"ADBE Vector Shape - Group","hd":false},{"ind":2,"ty":"sh","ix":3,"ks":{"a":0,"k":{"i":[[-1.45,2.211],[0,0],[-2.591,0],[-1.034,0.487],[1.76,3.492],[0,0],[0,-7.499],[7.81,0],[0,7.774]],"o":[[0,0],[1.247,2.485],[1.07,0],[3.493,-1.76],[0,0],[7.393,0.451],[0,7.774],[-7.808,0],[0,-2.909]],"v":[[-11.815,-141.686],[-6.323,-130.774],[0,-126.873],[3.175,-127.598],[6.323,-137.095],[0.867,-147.973],[14.168,-133.912],[0,-119.79],[-14.167,-133.912]],"c":true},"ix":2},"nm":"Path 3","mn":"ADBE Vector Shape - Group","hd":false},{"ind":3,"ty":"sh","ix":4,"ks":{"a":0,"k":{"i":[[-3.9,0],[0,0],[0,0],[0,-8.498],[-15.617,0],[0,15.573],[15.618,0],[1.901,-0.416],[0,0],[0,0],[0,-3.9],[0,0],[0,0],[7.879,3.935],[0,0],[0,0],[-4.528,14.23],[0,7.951],[0,0],[5.111,4.007],[32.438,0],[1.45,-0.133],[7.773,5.218],[1.38,1.76],[3.555,-1.45],[-0.451,-3.838],[-0.689,-3.378],[1.901,-4.112],[1.035,-2.556],[0.964,-6.704],[0,-6.455],[0,0],[-6.836,-3.635],[-11.541,-6.288],[0,0],[0,0],[1.999,-8.26],[0,0],[0,0]],"o":[[0,0],[0,0],[-5.942,5.218],[0,15.573],[15.618,0],[0,-15.617],[-2.034,0],[0,0],[0,0],[3.899,0],[0,0],[0,0],[-2.176,-8.357],[0,0],[0,0],[11.54,-6.288],[6.836,-3.635],[0,0],[0,-6.526],[-4.387,-26.742],[-1.521,0],[-6.111,0.451],[-2.865,-1.936],[-2.388,-3.042],[-3.564,1.486],[0.274,2.627],[1.344,6.916],[-0.725,1.548],[-2.352,5.739],[-5.005,3.98],[0,0],[0,7.951],[4.527,14.23],[0,0],[0,0],[-7.632,4.149],[0,0],[0,0],[0,-3.9]],"v":[[-120.289,-169.287],[-25.602,-169.287],[-18.518,-155.163],[-28.29,-133.912],[0,-105.623],[28.291,-133.912],[0,-162.248],[-5.907,-161.584],[-9.772,-169.287],[120.29,-169.287],[127.329,-162.248],[127.329,71.248],[69.714,71.248],[54.061,51.765],[28.291,38.597],[28.291,35.874],[52.442,4.993],[63.664,-13.667],[63.664,-20.751],[55.511,-37.36],[0,-77.641],[-4.492,-77.473],[-27.326,-82.717],[-33.782,-88.316],[-43.695,-90.977],[-48.878,-82.133],[-47.463,-73.051],[-48.02,-62.024],[-50.673,-55.983],[-55.652,-37.261],[-63.664,-20.751],[-63.664,-13.667],[-52.441,4.993],[-28.29,35.874],[-28.29,38.536],[-54.962,51.694],[-69.881,71.248],[-127.328,71.248],[-127.328,-162.248]],"c":true},"ix":2},"nm":"Path 4","mn":"ADBE Vector Shape - Group","hd":false},{"ind":4,"ty":"sh","ix":5,"ks":{"a":0,"k":{"i":[[11.673,0],[0,0],[0,0],[3.112,2.352],[2.353,-3.139],[0,0],[0,0],[0,0],[3.484,-1.725],[-1.76,-3.484],[0,0],[0,0],[0,-11.673],[0,0],[-11.673,0],[0,0],[0,11.718],[0,0]],"o":[[0,0],[0,0],[2.352,-3.104],[-3.14,-2.353],[0,0],[0,0],[0,0],[-1.724,-3.485],[-3.494,1.76],[0,0],[0,0],[-11.673,0],[0,0],[0,11.718],[0,0],[11.673,0],[0,0],[0,-11.673]],"v":[[120.29,-183.454],[35.374,-183.454],[48.118,-200.451],[46.703,-210.329],[36.789,-208.915],[17.687,-183.454],[-16.856,-183.454],[-29.051,-207.844],[-38.548,-211.019],[-41.697,-201.521],[-32.676,-183.454],[-120.289,-183.454],[-141.496,-162.248],[-141.496,191.493],[-120.289,212.744],[120.29,212.744],[141.496,191.493],[141.496,-162.248]],"c":true},"ix":2},"nm":"Path 5","mn":"ADBE Vector Shape - Group","hd":false},{"ty":"mm","mm":1,"nm":"Merge Paths 1","mn":"ADBE Vector Filter - Merge","hd":false},{"ty":"gr","it":[{"ind":0,"ty":"sh","ix":1,"ks":{"a":0,"k":{"i":[[0,0],[0,0],[0,0],[0,0]],"o":[[0,0],[0,0],[0,0],[0,0]],"v":[[-960.248,543.473],[959.752,543.473],[959.752,-536.527],[-960.248,-536.527]],"c":true},"ix":2},"nm":"Path 1","mn":"ADBE Vector Shape - Group","hd":false},{"ind":1,"ty":"sh","ix":2,"ks":{"a":0,"k":{"i":[[0,0],[0,0],[0,0],[0,0]],"o":[[0,0],[0,0],[0,0],[0,0]],"v":[[-960.248,-536.527],[959.752,-536.527],[959.752,543.473],[-960.248,543.473]],"c":true},"ix":2},"nm":"Path 2","mn":"ADBE Vector Shape - Group","hd":false},{"ty":"tr","p":{"a":0,"k":[0,0],"ix":2},"a":{"a":0,"k":[0,0],"ix":1},"s":{"a":0,"k":[100,100],"ix":3},"r":{"a":0,"k":0,"ix":6},"o":{"a":0,"k":100,"ix":7},"sk":{"a":0,"k":0,"ix":4},"sa":{"a":0,"k":0,"ix":5},"nm":"Transform"}],"nm":"Group 1","np":2,"cix":2,"ix":7,"mn":"ADBE Vector Group","hd":false},{"ty":"mm","mm":4,"nm":"Merge Paths 2","mn":"ADBE Vector Filter - Merge","hd":false},{"ty":"fl","c":{"a":0,"k":[0.426252567067,0.426252567067,0.426252567067,1],"ix":4},"o":{"a":0,"k":100,"ix":5},"r":1,"nm":"Fill 1","mn":"ADBE Vector Graphic - Fill","hd":false},{"ty":"tr","p":{"a":0,"k":[141.746,212.993],"ix":2},"a":{"a":0,"k":[0,0],"ix":1},"s":{"a":0,"k":[100,100],"ix":3},"r":{"a":0,"k":0,"ix":6},"o":{"a":0,"k":100,"ix":7},"sk":{"a":0,"k":0,"ix":4},"sa":{"a":0,"k":0,"ix":5},"nm":"Transform"}],"nm":"Group 7","np":9,"cix":2,"ix":7,"mn":"ADBE Vector Group","hd":false},{"ty":"gr","it":[{"ind":0,"ty":"sh","ix":1,"ks":{"a":0,"k":{"i":[[0,0],[0,0],[0,0],[0,0],[0,0],[0,0],[0,0],[0,0],[0,0],[0,0],[0,0],[0,0],[0,0],[0,0],[0,0]],"o":[[0,0],[0,0],[0,0],[0,0],[0,0],[0,0],[0,0],[0,0],[0,0],[0,0],[0,0],[0,0],[0,0],[0,0],[0,0]],"v":[[-62.714,74.676],[-39.474,51.777],[-21.634,41.865],[-29.904,28.197],[-49.947,-0.855],[-57.246,-17.942],[-40.499,-66.131],[-37.765,-74.675],[32.98,-65.105],[51.435,-26.486],[54.169,-6.322],[33.322,26.829],[20.676,35.714],[51.093,62.714],[62.714,74.676]],"c":true},"ix":2},"nm":"Path 1","mn":"ADBE Vector Shape - Group","hd":false},{"ty":"fl","c":{"a":0,"k":[0.82655358408,0.826553524242,0.82655358408,1],"ix":4},"o":{"a":0,"k":100,"ix":5},"r":1,"nm":"Fill 1","mn":"ADBE Vector Graphic - Fill","hd":false},{"ty":"tr","p":{"a":0,"k":[142.151,211.564],"ix":2},"a":{"a":0,"k":[0,0],"ix":1},"s":{"a":0,"k":[100,100],"ix":3},"r":{"a":0,"k":0,"ix":6},"o":{"a":0,"k":100,"ix":7},"sk":{"a":0,"k":0,"ix":4},"sa":{"a":0,"k":0,"ix":5},"nm":"Transform"}],"nm":"Group 8","np":2,"cix":2,"ix":8,"mn":"ADBE Vector Group","hd":false}],"ip":0,"op":1798.00007323404,"st":0,"bm":0},{"ddd":0,"ind":6,"ty":4,"nm":"Layer 2 Outlines","sr":1,"ks":{"o":{"a":0,"k":100,"ix":11},"r":{"a":0,"k":0,"ix":10},"p":{"a":0,"k":[349.002,349.798,0],"ix":2},"a":{"a":0,"k":[209.723,209.722,0],"ix":1},"s":{"a":0,"k":[100,100,100],"ix":6}},"ao":0,"shapes":[{"ty":"gr","it":[{"ind":0,"ty":"sh","ix":1,"ks":{"a":0,"k":{"i":[[0,0],[0,0],[0,0],[0,0]],"o":[[0,0],[0,0],[0,0],[0,0]],"v":[[132.344,189.694],[-132.344,189.694],[-132.344,-189.694],[132.344,-189.694]],"c":true},"ix":2},"nm":"Path 1","mn":"ADBE Vector Shape - Group","hd":false},{"ty":"gr","it":[{"ind":0,"ty":"sh","ix":1,"ks":{"a":0,"k":{"i":[[0,0],[0,0],[0,0],[0,0]],"o":[[0,0],[0,0],[0,0],[0,0]],"v":[[-960.932,528.461],[959.068,528.461],[959.068,-551.539],[-960.932,-551.539]],"c":true},"ix":2},"nm":"Path 1","mn":"ADBE Vector Shape - Group","hd":false},{"ind":1,"ty":"sh","ix":2,"ks":{"a":0,"k":{"i":[[0,0],[0,0],[0,0],[0,0]],"o":[[0,0],[0,0],[0,0],[0,0]],"v":[[-960.932,-551.539],[959.068,-551.539],[959.068,528.461],[-960.932,528.461]],"c":true},"ix":2},"nm":"Path 2","mn":"ADBE Vector Shape - Group","hd":false},{"ty":"tr","p":{"a":0,"k":[0,0],"ix":2},"a":{"a":0,"k":[0,0],"ix":1},"s":{"a":0,"k":[100,100],"ix":3},"r":{"a":0,"k":0,"ix":6},"o":{"a":0,"k":100,"ix":7},"sk":{"a":0,"k":0,"ix":4},"sa":{"a":0,"k":0,"ix":5},"nm":"Transform"}],"nm":"Group 1","np":2,"cix":2,"ix":2,"mn":"ADBE Vector Group","hd":false},{"ty":"mm","mm":4,"nm":"Merge Paths 1","mn":"ADBE Vector Filter - Merge","hd":false},{"ty":"fl","c":{"a":0,"k":[0.999999940162,0.999999940162,1,1],"ix":4},"o":{"a":0,"k":100,"ix":5},"r":1,"nm":"Fill 1","mn":"ADBE Vector Graphic - Fill","hd":false},{"ty":"tr","p":{"a":0,"k":[211.653,221.463],"ix":2},"a":{"a":0,"k":[0,0],"ix":1},"s":{"a":0,"k":[100,100],"ix":3},"r":{"a":0,"k":0,"ix":6},"o":{"a":0,"k":100,"ix":7},"sk":{"a":0,"k":0,"ix":4},"sa":{"a":0,"k":0,"ix":5},"nm":"Transform"}],"nm":"Group 1","np":4,"cix":2,"ix":1,"mn":"ADBE Vector Group","hd":false},{"ty":"gr","it":[{"ind":0,"ty":"sh","ix":1,"ks":{"a":0,"k":{"i":[[0,-115.688],[115.689,0],[0,115.689],[-115.688,0]],"o":[[0,115.689],[-115.688,0],[0,-115.688],[115.689,0]],"v":[[209.473,0],[-0.001,209.472],[-209.472,0],[-0.001,-209.472]],"c":true},"ix":2},"nm":"Path 1","mn":"ADBE Vector Shape - Group","hd":false},{"ty":"gr","it":[{"ind":0,"ty":"sh","ix":1,"ks":{"a":0,"k":{"i":[[0,0],[0,0],[0,0],[0,0]],"o":[[0,0],[0,0],[0,0],[0,0]],"v":[[-959.002,540.202],[960.998,540.202],[960.998,-539.798],[-959.002,-539.798]],"c":true},"ix":2},"nm":"Path 1","mn":"ADBE Vector Shape - Group","hd":false},{"ind":1,"ty":"sh","ix":2,"ks":{"a":0,"k":{"i":[[0,0],[0,0],[0,0],[0,0]],"o":[[0,0],[0,0],[0,0],[0,0]],"v":[[-959.002,-539.798],[960.998,-539.798],[960.998,540.202],[-959.002,540.202]],"c":true},"ix":2},"nm":"Path 2","mn":"ADBE Vector Shape - Group","hd":false},{"ty":"tr","p":{"a":0,"k":[0,0],"ix":2},"a":{"a":0,"k":[0,0],"ix":1},"s":{"a":0,"k":[100,100],"ix":3},"r":{"a":0,"k":0,"ix":6},"o":{"a":0,"k":100,"ix":7},"sk":{"a":0,"k":0,"ix":4},"sa":{"a":0,"k":0,"ix":5},"nm":"Transform"}],"nm":"Group 1","np":2,"cix":2,"ix":2,"mn":"ADBE Vector Group","hd":false},{"ty":"mm","mm":4,"nm":"Merge Paths 1","mn":"ADBE Vector Filter - Merge","hd":false},{"ty":"fl","c":{"a":0,"k":[0.928533875708,0.928533756032,0.928533875708,1],"ix":4},"o":{"a":0,"k":100,"ix":5},"r":1,"nm":"Fill 1","mn":"ADBE Vector Graphic - Fill","hd":false},{"ty":"tr","p":{"a":0,"k":[209.723,209.722],"ix":2},"a":{"a":0,"k":[0,0],"ix":1},"s":{"a":0,"k":[150,150],"ix":3},"r":{"a":0,"k":0,"ix":6},"o":{"a":0,"k":100,"ix":7},"sk":{"a":0,"k":0,"ix":4},"sa":{"a":0,"k":0,"ix":5},"nm":"Transform"}],"nm":"Group 2","np":4,"cix":2,"ix":2,"mn":"ADBE Vector Group","hd":false}],"ip":0,"op":1798.00007323404,"st":0,"bm":0}]}