{
  "project_info": {
    "project_number": "26186054533",
    "firebase_url": "https://hopin-207714.firebaseio.com",
    "project_id": "hopin-207714",
    "storage_bucket": "hopin-207714.appspot.com"
  },
  "client": [
    {
      "client_info": {
        "mobilesdk_app_id": "1:26186054533:android:c2852e6bf14ed1d6",
        "android_client_info": {
          "package_name": "com.hopin.app"
        }
      },
      "oauth_client": [
        {
          "client_id": "26186054533-h22fgg2svesqr2pe88gqud42ckm958to.apps.googleusercontent.com",
          "client_type": 1,
          "android_info": {
            "package_name": "com.hopin.app",
            "certificate_hash": "8cfd2d913a236f99a3234eb5aa318b7dcd2315fd"
          }
        },
        {
          "client_id": "26186054533-agg6a0a08j4gqn7k93v0arh3r7bkojf4.apps.googleusercontent.com",
          "client_type": 1,
          "android_info": {
            "package_name": "com.hopin.app",
            "certificate_hash": "0d6828597ad7612b828fa85fca81548917795d78"
          }
        },
        {
          "client_id": "26186054533-qki8g8ifin7idl1kjlf8v2ukbsnvqkig.apps.googleusercontent.com",
          "client_type": 1,
          "android_info": {
            "package_name": "com.hopin.app",
            "certificate_hash": "67dc26fe8198f19c2f99ec212a78376b4412ae59"
          }
        },
        {
          "client_id": "26186054533-niak9vcrvpdekk3h4s0062m9e3o6vicm.apps.googleusercontent.com",
          "client_type": 3
        }
      ],
      "api_key": [
        {
          "current_key": "AIzaSyDpsyCC2dhCjQFPs17db1LmA_nCjndKExg"
        }
      ],
      "services": {
        "analytics_service": {
          "status": 1
        },
        "appinvite_service": {
          "status": 2,
          "other_platform_oauth_client": [
            {
              "client_id": "26186054533-niak9vcrvpdekk3h4s0062m9e3o6vicm.apps.googleusercontent.com",
              "client_type": 3
            }
          ]
        },
        "ads_service": {
          "status": 2
        }
      }
    },
    {
      "client_info": {
        "mobilesdk_app_id": "1:26186054533:android:c8b5ebf2bdf4e538",
        "android_client_info": {
          "package_name": "com.hopin.provider"
        }
      },
      "oauth_client": [
        {
          "client_id": "26186054533-amaf58rm2qmaeltfq3g5d8hd3kpf0cd6.apps.googleusercontent.com",
          "client_type": 1,
          "android_info": {
            "package_name": "com.hopin.provider",
            "certificate_hash": "0d6828597ad7612b828fa85fca81548917795d78"
          }
        },
        {
          "client_id": "26186054533-16en0m2bo09u60rfc5lo179g29ijo69a.apps.googleusercontent.com",
          "client_type": 1,
          "android_info": {
            "package_name": "com.hopin.provider",
            "certificate_hash": "c2f72c95ea5401a52922526fcaca1f65a20b256e"
          }
        },
        {
          "client_id": "26186054533-lepahalkr3ruj4h4v2atnhcl867c7j21.apps.googleusercontent.com",
          "client_type": 1,
          "android_info": {
            "package_name": "com.hopin.provider",
            "certificate_hash": "67dc26fe8198f19c2f99ec212a78376b4412ae59"
          }
        },
        {
          "client_id": "26186054533-niak9vcrvpdekk3h4s0062m9e3o6vicm.apps.googleusercontent.com",
          "client_type": 3
        }
      ],
      "api_key": [
        {
          "current_key": "AIzaSyDpsyCC2dhCjQFPs17db1LmA_nCjndKExg"
        }
      ],
      "services": {
        "analytics_service": {
          "status": 1
        },
        "appinvite_service": {
          "status": 2,
          "other_platform_oauth_client": [
            {
              "client_id": "26186054533-niak9vcrvpdekk3h4s0062m9e3o6vicm.apps.googleusercontent.com",
              "client_type": 3
            }
          ]
        },
        "ads_service": {
          "status": 2
        }
      }
    }
  ],
  "configuration_version": "1"
}